nome,video_id
AuthenticGames,daodjoamoko
AuthenticGames,V73bQvJE2yo
AuthenticGames,NRk0AE0MMnM
AuthenticGames,G-qzWHmckzc
AuthenticGames,cqX-zwVMIMA
AuthenticGames,zQAAKgRw2z4
AuthenticGames,0zBZMJrCSBA
AuthenticGames,lMiNii4C_TA
AuthenticGames,rynQpRuMy9k
AuthenticGames,q6_YZqr05-U
AuthenticGames,BBPE0VnCAI4
AuthenticGames,eZNJLsfbX9E
AuthenticGames,sr3iaKpdvAU
AuthenticGames,pgKWai_qSVg
AuthenticGames,fG8_VIEmjf4
AuthenticGames,xIKCuguEW8s
AuthenticGames,sEwmogJd36Q
AuthenticGames,CoyoSk2bgTY
AuthenticGames,P3N-rVm3lIw
AuthenticGames,mcIwUdHfeRU
AuthenticGames,G1tas_8-Sh8
AuthenticGames,SVQ6xT5qJSw
AuthenticGames,ihSuh79z4mc
AuthenticGames,TtkS-Rv2CqI
AuthenticGames,IqqirbwI8r8
AuthenticGames,6woXmR7pK5k
AuthenticGames,YW43UqxxSUY
AuthenticGames,WtweBiqQdCo
AuthenticGames,OlKzeFU1nag
AuthenticGames,hNSlzm0uEl4
AuthenticGames,jRsOLYTlcU4
AuthenticGames,3xwTp0_gjE8
AuthenticGames,T8iEDDtpByI
AuthenticGames,4YGj1H2tC0U
AuthenticGames,iCK1zjImWn4
AuthenticGames,8bzqTZP70vE
AuthenticGames,4mRtdeguJUo
AuthenticGames,65nzFJHfAAg
AuthenticGames,9t4jQLEE3Kk
AuthenticGames,Y8RcvEax1tU
AuthenticGames,5xXOMkKLAQo
AuthenticGames,J5PKLnCy8nY
AuthenticGames,tqSXUSvXN84
AuthenticGames,iPBpRoL1Ajk
AuthenticGames,YTZrv-BtxA8
AuthenticGames,XYMcOxB6W-c
AuthenticGames,x7Jqw08BK0w
AuthenticGames,Z8AGSF3uPms
AuthenticGames,xc9pIjIrwzg
AuthenticGames,0PE6VACgby0
AuthenticGames,1VMTGVhFvFc
AuthenticGames,zo8SnJzcGRk
AuthenticGames,0lglCe4yqNU
AuthenticGames,guClIAzl-64
AuthenticGames,8T4_nwWIXQA
AuthenticGames,Y9jSG-t-vTg
AuthenticGames,Bw1Ac7LNEOo
AuthenticGames,VDXZHcLwSas
AuthenticGames,MrtceRq9YeI
AuthenticGames,izO4YYYUHzc
AuthenticGames,Xg2AB1Gp7jc
AuthenticGames,kZlX0g1Eq4M
AuthenticGames,pTygHZrMZHE
AuthenticGames,z9kPOyxbfrQ
AuthenticGames,oBVSulldEgs
AuthenticGames,sY1ACmXabVA
AuthenticGames,n1Z4jTxGXLo
AuthenticGames,W6V5ZBMM0fE
AuthenticGames,8M4w3ahiuZc
AuthenticGames,0ekE2OUYDZg
AuthenticGames,VD6e3UhMEsc
AuthenticGames,FDJCwncED0o
AuthenticGames,0ldf9mLUIc4
AuthenticGames,o0v-DO_56GM
AuthenticGames,o376MSUSD9I
AuthenticGames,gJDvyp9Z_8E
AuthenticGames,-EN-EiUlHyE
AuthenticGames,vYIvl1QNkow
AuthenticGames,8z__2xFV9j8
AuthenticGames,pw7AKcwOgbk
AuthenticGames,dVyijJOZB-0
AuthenticGames,f4qpyTClGGo
AuthenticGames,O6AuqTl9q5M
AuthenticGames,CWFmZtw8PRw
AuthenticGames,SmYV0uL0XO8
AuthenticGames,42cq0vdBPJw
AuthenticGames,0fn0UD_9wWE
Cadres,VgCyMzHsZEg
Cadres,TFmVLcYI3Gw
Cadres,HfKu2dWjk10
Cadres,_IRhO3D98mw
Cadres,hVJou61xRDQ
Cadres,NcrsLAMTZXg
Cadres,wFq74ZNahHE
Cadres,oBI3bctRkz0
Cadres,E6tJvAg3EXg
Cadres,cX2PblphD7g
Cadres,e7vH-mvv--M
Cadres,c0Q5eV3TKV8
Cadres,oTZWbgAmTJ0
Cadres,x4wqCrlBNEY
Cadres,fsRchnyrXj8
Cadres,YQMOW1EYFwg
Cadres,7XZ2ngd6qPA
Cadres,ehkD1IP0ZAo
Cadres,fz8yV-ID4Tk
Julia MineGirl,Tlk87gJNt74
Julia MineGirl,Cu9r9B78Wr0
Julia MineGirl,gUz4JIlm-Z0
Julia MineGirl,0sXrSw1X5ME
Julia MineGirl,8VOg7o4CAgA
Julia MineGirl,AQ-GHQHsBcg
Julia MineGirl,KMfmAMLhbpA
Julia MineGirl,jskeFz3ZA7Q
Julia MineGirl,PhRJrhvCWvU
Julia MineGirl,jp4oMYhvPwU
Julia MineGirl,JJjxRsceuNw
Julia MineGirl,OYXCLLD9msA
Julia MineGirl,HqsfbIQohzQ
Julia MineGirl,_dOuinOkZXc
Julia MineGirl,V2Szeb51JIA
Julia MineGirl,akW2t2Ii2_w
Julia MineGirl,BnjCa5HZZjQ
Julia MineGirl,s21z3onA3Dc
Julia MineGirl,QcVzbFiMEIo
Julia MineGirl,DJG2tGW53cE
Julia MineGirl,XwLwXQZltTE
Julia MineGirl,VO_ByDvVXHM
Julia MineGirl,cSixJ9LJgsY
Julia MineGirl,CyIpShZXEPs
Julia MineGirl,NaZQyqQ5ua8
Julia MineGirl,Qy9hExLpk8U
Julia MineGirl,lz29PCx2TNo
Julia MineGirl,B7UxOVgBkHk
Julia MineGirl,dC0wIyV1DLE
Julia MineGirl,SKQyUTqM-p8
Julia MineGirl,cqTh3wpC18o
Julia MineGirl,nrGVHQsmTbw
Julia MineGirl,dCMwsl5C-DU
Julia MineGirl,f893ZtX0wCI
Julia MineGirl,pleFcbt0txs
Julia MineGirl,v5tc2JlAWDg
Julia MineGirl,pQU2G5q_dag
Julia MineGirl,xIp48swMbmw
Julia MineGirl,nwhfE2CD73k
Julia MineGirl,coBhAvWeNYI
Julia MineGirl,Gu54xz_HcVA
Julia MineGirl,voQxmL4u8Tc
Julia MineGirl,vmbuXBpj0es
Julia MineGirl,1AERZsDlqZs
Julia MineGirl,QRaPkBoNjsE
Julia MineGirl,Lvx-IE9x49E
Julia MineGirl,lejTa7tiy24
Julia MineGirl,FJRu6v3OH6E
Julia MineGirl,GvUij_ZbHeU
Julia MineGirl,T-ECUcjfBRA
Julia MineGirl,m_5A0l6bxUs
Julia MineGirl,POc7aJT9hB4
Julia MineGirl,r2AQ9bfHWxU
Julia MineGirl,3wOXBHii8nQ
Julia MineGirl,PiEpDQrRy5U
Julia MineGirl,XdJFjpqqUCU
Julia MineGirl,JJTB0e8e3tM
Julia MineGirl,AVY0fX1CJB0
Julia MineGirl,z_6owu6fcb0
Julia MineGirl,9bfTLJhlxdE
Julia MineGirl,yHo5nJuA158
Julia MineGirl,OmZ1TEElAoo
Julia MineGirl,zgHK0Ojd49M
Julia MineGirl,SN_FTBenri0
Julia MineGirl,2G3NVK7hD1g
Julia MineGirl,1rG7Wm87Liw
Julia MineGirl,w5WYwiK2bAo
Julia MineGirl,5T6rD-hzyj0
Julia MineGirl,2uG8f8_fOCs
Julia MineGirl,NfYF8v1KGR8
Julia MineGirl,mr-bzXRN9Zo
Julia MineGirl,UTsS4jM3yoY
Julia MineGirl,VCxOpmSOXnM
Julia MineGirl,AOpw1p2jNXM
Julia MineGirl,miPpOMDX_2U
Julia MineGirl,4UULEN6wYrI
Julia MineGirl,EG8SiH5JZ4o
Julia MineGirl,w7LaNmcA_BQ
Julia MineGirl,FvMSjQPqKjk
Julia MineGirl,ZCN63ORfQpk
Julia MineGirl,YlJzjnyVSFY
Julia MineGirl,r1C4etS4ym0
Julia MineGirl,lXYsqteFCxQ
Julia MineGirl,KixoJlmRon0
Julia MineGirl,JnUdg-GI-Qo
Julia MineGirl,CcdC7K6-9sE
Julia MineGirl,9FTheP-jscg
Julia MineGirl,oXOkrC_Si40
Julia MineGirl,LpCcKNAXRqU
Julia MineGirl,kGXwHeVPp0k
Julia MineGirl,xhxxsSF3Njc
Julia MineGirl,3ZmlfDClY_c
Julia MineGirl,ZH3iwf-MV_g
Julia MineGirl,7G2IT2nuWKw
Julia MineGirl,y-DMBxAmxn8
Julia MineGirl,7SDycMUl08c
Julia MineGirl,kOcPnEoOJ6w
Julia MineGirl,1ZW5P2UtEtI
Julia MineGirl,dvbdDfRIv0Q
Julia MineGirl,jTWyg3EWdDY
Julia MineGirl,_KEQAkvkPoA
Julia MineGirl,Klq2wrzsFZ8
Julia MineGirl,STVhkuI3c-A
Julia MineGirl,6xMYcgAO2Q0
Julia MineGirl,EmenJfVPI60
Julia MineGirl,KbTViRNHTB4
Julia MineGirl,wTR5OCXGhvE
Julia MineGirl,GzIHcVMnbYY
Julia MineGirl,I0fXMUg-npI
Julia MineGirl,BwP5jkTn3W4
Julia MineGirl,RVQRP0dk4i8
Julia MineGirl,d6-s3ReYPmU
Julia MineGirl,4gAg-gAQ7Vw
Julia MineGirl,EjUs7UPh-4o
Julia MineGirl,af90ZwIlRGA
Julia MineGirl,mIDog8RGtVE
Julia MineGirl,6WvtB2uB7hI
Julia MineGirl,GvQElIKLJOw
Julia MineGirl,A-Gj7lkl5Zg
Julia MineGirl,u_1X0s22qjE
Julia MineGirl,7MNWOsGD74s
Julia MineGirl,0NmskKRXUcE
Julia MineGirl,KUaSIDj4bLw
Julia MineGirl,kZ5GDKJrx44
Kass e KR,Iktk-FQ9vjU
Kass e KR,tSk3uLh1q_Q
Kass e KR,O32x5wTpfmI
Kass e KR,MCi9l-ojkzM
Kass e KR,1JEZd97UBrs
Kass e KR,eosaSYclmus
Kass e KR,ReOnwqKR080
Kass e KR,GpUxF8PFbyY
Kass e KR,5aKv8iWvk60
Kass e KR,U9_uvbz61VY
Kass e KR,PKMp0deSdCo
Kass e KR,Uf5Dy4wsF-M
Kass e KR,66Xg1GkJjdg
Kass e KR,RwCfJtmMquc
Kass e KR,LRM4J1M8p2o
Kass e KR,mqHBgdOoAPU
Kass e KR,Cf9SxkQIACA
Kass e KR,DjjvZZehpQE
Kass e KR,WsJeEh6QJmU
Kass e KR,kiqO6GvWtcE
Kass e KR,QkXnWJKYOQQ
Kass e KR,vEgoC2Oa5oQ
Kass e KR,PvbqeHcGCt4
Kass e KR,nIoXO22olcY
Kass e KR,RT1eZweJPwg
Kass e KR,tjART907o5g
Kass e KR,JloJa0Q3bh8
Kass e KR,G2Hare_qRAA
Kass e KR,uHq_Lm7fFWg
Kass e KR,es6A2oJqCtE
Kass e KR,PGefMk7DoPY
Kass e KR,8drOfDfrDK4
Kass e KR,XkCOO8mqhHQ
Kass e KR,-U7redLTQUU
Kass e KR,BNS1dRsFDdU
Kass e KR,Xc6pwX5odag
Kass e KR,_JDHPl8U4ko
Kass e KR,cyd3jBjzGXs
Kass e KR,xsVDTH16AmE
Kass e KR,ZayBd7KpNM4
Kass e KR,WcUMaXxf3VI
Kass e KR,FLW7hM3yd5c
Kass e KR,--7oGoWIy6A
Kass e KR,sij5hPb9pFw
Kass e KR,yOLmRCZdoaI
Kass e KR,mld3iEncOd0
Kass e KR,OOatQqWYXL0
Kass e KR,XaAKj0OtoRE
Kass e KR,SCWb_xhWanI
Kass e KR,c1JVRPeo8X4
Kass e KR,cKK3HRLy5Ng
Kass e KR,DsnlUiQ8-OY
Kass e KR,RnDW_BRuodk
Kass e KR,trQMLT5DLnE
Kass e KR,pzP64QJv-MI
Kass e KR,sEI4lcgmHOI
Kass e KR,jIuUf4o3e2A
Kass e KR,B1WoVXb2tVA
Kass e KR,7w2HYQ1AwZI
Kass e KR,geU8M_3EBbY
Kass e KR,Foqju7HU8t0
Kass e KR,7WIuLFjkCbc
Kass e KR,EzT74WeNsO4
Kass e KR,QPLweEtlTPc
Kass e KR,iDAVO8Vx_mo
Kass e KR,X4xbv--AtrA
Kass e KR,oklBTOURyK4
Kass e KR,WVfud7wX1Sc
Kass e KR,r9mX6fP11XA
Kass e KR,hHNEVLf74ug
Kass e KR,dY3-yMlDtWk
Kass e KR,RUZTpmbrwXw
Kass e KR,_1J04gOt5pU
Kass e KR,H-oUjDrzqnA
Kass e KR,O09Dr9tM_tM
Kass e KR,SkwyVM3Uwn0
Kass e KR,-I8YNLPT5GU
Kass e KR,rxSBgG6qM6M
Kass e KR,F3-SfoNh-RI
Kass e KR,AU6mLxk6zTw
Kass e KR,9lQ4VKT5wws
Kass e KR,dJqYKw4darw
Kass e KR,iBAw3iW_Slw
Kass e KR,HQAMlE7ufHg
Kass e KR,S1E9xODLdAo
Kass e KR,wGCEgSyiC9Q
Kass e KR,4b60GO1glCU
Lokis,SdV5-HzB9mw
Lokis,Uwk06RQqI0A
Lokis,AyTLWTEeI60
Lokis,cu-KLVAnf2w
Lokis,g2P0Opy9On8
Lokis,ZtO7by9YMps
Lokis,L3TRCR1w_ss
Lokis,u9AZ-ZaR9uc
Lokis,XFrZlCNOgJ8
Lokis,DORH6gHgnNM
Lokis,2vvcOF-ufFg
Lokis,dgzByutdcps
Lokis,fS5QJBTXUf4
Lokis,8F7Ew3Lz8OU
Lokis,aOIp7v8z058
Lokis,FJoVm_efGfU
Lokis,4NrVf8UJKpc
Lokis,l7_pTU2zbj0
Lokis,2D8hn8xTU3A
Lokis,D-GcD1bsjxk
Lokis,w7js2PHNcFA
Lokis,nRPleTtBLz8
Lokis,8Y-L4c46il4
Lokis,1L4fJ8ggPoQ
Lokis,UKQD65ooDgM
Lokis,N7rykAB4QEI
Lokis,4gXxa9T0LK4
Lokis,c__4weGxNWA
Lokis,aaLNhWCt6-8
Lokis,06ygquCWaJA
Lokis,I4RzzOb6uWE
Lokis,QEnOWdm9sKU
Lokis,vY819RPavb0
Lokis,zh3AUcdu_J8
Lokis,ta9Mk8tkpL8
Lokis,fYjWuwmAaa8
Lokis,B2LzyZ61_m0
Lokis,BV0TUmSUT_o
Lokis,JAoUODORdic
Lokis,2g7ilxyWJv4
Lokis,D8hYj_wzCqM
Lokis,HAi5B_g-BLY
Lokis,IoPv9sesYCk
Lokis,cNeBW6eYmOQ
Lokis,VmMgrob13jE
Lokis,3CAj9TEiQkM
Lokis,Vr-7G1mL6wU
Lokis,Vfd4HHi6gQE
Lokis,3KDSKca0VwA
Lokis,q1vCNn_TZKI
Lokis,lBtk2_nylyM
Lokis,SYfZuwP1fFg
Lokis,qfhvtYOk8do
Lokis,_8NEkY0fCug
Lokis,xo2JS9BARG0
Lokis,pLr1e-f695Q
Lokis,KYBGhGgizv0
Lokis,H0iMfImK2bE
Lokis,-Pia5GBlWlU
Lokis,fOf-fSBPuVI
Lokis,0FPyokg6bn8
Lokis,VgOPJ2_juXs
Lokis,n87qapdh_nk
Lokis,018sUii2rnU
Lokis,YDm4LQTyUV0
Lokis,ewm_ZJL6dhw
Lokis,tPwxp-gHpvc
Lokis,UZG5YazVux4
Lokis,EaQjXMz-enQ
Lokis,gLUgB00vBt4
Lokis,-1j91MaZsp8
Lokis,89-_Znt-R8M
Lokis,yrWUJ3CO4rQ
Lokis,Mg2E7NM200s
Lokis,przD-gMltlI
Lokis,0OzB8u2UAbo
Lokis,tLsyJ8-i-KM
Lokis,f-NWW6OzHoU
Lokis,5VLy7J9LZuk
Lokis,TkTsbviFvF4
Lokis,D1mUbBtvBeA
Lokis,GwqC-TtAJxY
Lokis,gLu-hOBkMt0
Lokis,P2Do3520VZ8
Lokis,UhPC7Uqdt3c
Lokis,lcJg9O7vqXY
Lokis,Xh_0j7GK1Dg
Lokis,qLGDnMj1hfA
Lokis,-h4vwF540e8
Lokis,ttR0qlkHIJg
Lokis,eq0Nya33KCA
Lokis,3h2obtigugU
Lokis,BEBJWto8GLo
Lokis,D1lOMk71ZEo
Lokis,DOHgrrtpwfw
Lokis,AhlxP-u93bM
Lokis,tDFoYMD3stI
Lokis,-_G_67_FJaI
Lokis,EFu17cC3Dbc
Lokis,fZEYTf7jzf0
Lokis,FUCK7vosDus
Lokis,But-o_DAtsI
Lokis,e83rgzEwc-o
Lokis,6AEnmjRYyO8
Lokis,o3Efj1zZfkA
Lokis,L13Ngw4UG3g
Lokis,-wM8gNYhoLM
Lokis,DiJV-P9u_lY
Lokis,9vPu_rNpVAQ
Lokis,x-4xaj5xoc0
Lokis,NeF1in-0G4A
Lokis,IH8GVDjVvFE
Lokis,_GX_Znj72ZA
Lokis,DGLiync7yhw
Lokis,9246ntmfJYY
Lokis,prpoqN1ukC4
Lokis,X2Yq-EUtmqA
Lokis,i5zD8UiD8C8
Lokis,ayXRNrf4E2c
Lokis,R1G30l4r9oY
Lokis,qOTjAvZY-Co
Lokis,HDAN_l1OGfE
Lokis,MYHUKAdQ_qY
Lokis,xiygwMWhoiw
Lokis,MRDhCXxqhVM
Lokis,mgyYnnlgNSs
Lokis,0zHtic-b618
Lokis,yW-IsVJhIRk
Lokis,RNXkE6lpaWQ
Lokis,avmpp-0rmSs
Lokis,64TvvMamNWU
Lokis,xzHxtLQBGbY
Lokis,lfOhMzX7jGQ
Lokis,7nXtyXoZ4qo
Lokis,_-r49codv7E
Lokis,tAYt9RF7RUo
Lokis,9ajZyogfN-o
Lokis,6W2-LywZU1Y
Lokis,dyQeYaBqHts
Lokis,y4Zgytg7Hr8
Lokis,4AAMs4nKokI
Lokis,T5-LM7X-6Ig
Lokis,UYu7TthjnpI
Lokis,ok_yMEmpwYc
Lokis,u8VSjw9lsU4
Lokis,k-V-uvj1uUE
Lokis,pdvOYymPCyE
Lokis,E6fDV-qLnjM
Lokis,kp5QLd5YfOE
Lokis,lZWOcqiwQcw
Lokis,wdR3EHfKQlg
Lokis,eg9Q4buGf6s
Lokis,MRpr0t9OBt8
Lokis,5ZXm6KiLF_k
Lokis,srJnPPPWEp8
Lokis,pf_NJkn0cj4
Lokis,AzDBXgqJAtM
Lokis,xRj-N_hMtPI
Lokis,9YDr3STmVMc
Lokis,uUjoGQ_XHEc
Lokis,C2JuFKu05k4
Lokis,QGGyC4KnMqI
Lokis,DggINnK9hr0
Lokis,bEIsPbVnnEI
Lokis,HyKz8ZU9e1g
Lokis,qM1p8mklIps
Lokis,ssAl1sw1TvM
Lokis,bG7TQTH7abM
Lokis,4CO1-354XiA
Lokis,oMNMbRJvl7Q
Lokis,YQUUpkooY_U
Lokis,r8tWu3mEpUk
Lokis,kUra-bysIZc
Lokis,X9ipc-QZzac
Lokis,0gk5SfWdFkM
Lokis,iLvNhmiJYTA
Lokis,virr_dH6qXM
Lokis,UQXM-KHB51s
Lokis,ARlCBAJoGOc
Lokis,-aCmc44zX4Y
Lokis,cSBDJO8muI0
Lokis,-3T5GiIPQdg
Lokis,Zm4VTucU7JE
Lokis,Qy_sDS0r1P0
Lokis,msu3xtodhbQ
Lokis,oRY2vz4UZfY
Lokis,R_jaE8IPbbo
Lokis,Y2Qb4vWNYNk
Lokis,y95NqlDflKA
Lokis,Pit3F6SZV4E
Lokis,Wxb-c-DAzAA
Lokis,-d3EaAdiCe8
Lokis,RqegJGAV_YE
Lokis,5eW1VJ_eSD0
Lokis,fSn_yOYmwFo
Lokis,XswzPdCqvQQ
Lokis,FK-uSiGJdwU
Lokis,ch5-KVN0450
Lokis,PxftOuWrmLA
Lokis,w-NxDoF0NKU
Lokis,nGOERuDKSBk
Lokis,_d5TsPMa4Fc
Lokis,EUqtnm5F2T4
Lokis,fkLy49kSipA
Lokis,8JrXZLi7rEM
Lokis,v89tkmupurg
Lokis,rsyhiewkDTA
Lokis,kHrDLVp-vH0
Lokis,A_Yv3EGdaB8
Lokis,cUuq11UGzTg
Lokis,4abysSDv-U0
Lokis,eyB95OFUhag
Lokis,2MXIwrtg8OY
Lokis,teYJrki-6YM
Lokis,ixF-gqC2LmQ
Lokis,gYhw-DbVb1g
Lokis,eqq2QK02_R4
Lokis,cOppZVG0gzA
Lokis,nqlYRruRKzE
Lokis,rNCaiKs2GH4
Lokis,bbGm27UD_xc
Lokis,k18Ii44Iido
Lokis,GtP1A6fyRNE
Lokis,Is5Epck4dYQ
Lokis,jJ0LTLenmME
Lokis,_GCYUR92KfY
Lokis,-k6jfAsB2Pk
Lokis,y7aDhtOaW1Q
Lokis,E2FOrf2JaV8
Lokis,ugU5An3Ix_s
Lokis,xZbjPrce5LA
Lokis,Kqql4kRm0Zk
Lokis,y10TbRoNgk8
Lokis,JuQxbHTrI9g
Lokis,CFgjvlWCKY4
Lokis,NSG5NH-frLo
Lokis,dHVy27YRbvQ
Lokis,WHVzT03hP6I
Lokis,Ut2UaGFWbTc
Lokis,EH6GbNVavZQ
Lokis,numyvuvYznw
Lokis,4VDSErfJ228
Lokis,pDu94n8Pliw
Lokis,BY6wtUluAPI
Lokis,Bpi-Wlc-bww
Lokis,NBGSafJXWpk
Lokis,4dge40Jgr3I
Lokis,vGWvCaXyv7I
Lokis,ArHNpHW6LTo
Lokis,o8Z5DE_9c7g
Lokis,lsm4rmQh7Dc
Lokis,DUUInZpCj3U
Lokis,UZLbbaz2N9g
Lokis,nN7CtvS14N0
Lokis,jWlSdJ8EVaw
Lokis,msl8rokBihs
Lokis,Zvf46meEjlA
Lokis,nA-4OP1hl9Q
Lokis,nLIeWd7jtiI
Lokis,MfHUT7495_E
Lokis,0dzLtVMJXQ0
Lokis,FfevKc7MyC8
Lokis,Soqim9Yq_Zs
Lokis,1ts1ybMygPk
Lokis,Nt1NcEb_ywo
Lokis,10r_Mq-jfag
Lokis,K0QgEq26ql0
Lokis,WnIeNjvQ23c
Lokis,Dp59JO-TbwU
Lokis,kXAOYR9eOGM
Lokis,7djL2WqaaSc
Lokis,T2EyhilLyac
Lokis,nKO2oOuX94o
Lokis,eJSgqrnVvrY
Lokis,QN56NcnDsH4
Lokis,iTeA4h_3Pv0
Lokis,UkraMxWetmY
Lokis,ke5yy3eKHBA
Lokis,U_qbxlttV9w
Lokis,nIUviRCnpMo
Lokis,cdn6gqXTG-Y
Lokis,XvKxgyHOmcg
Lokis,Zzz0HHP2VBQ
Lokis,f35D_Z0stP4
Lokis,MkCRZJr1UiI
Lokis,gUoVb55ybvU
Lokis,c0lai9jwKn0
Lokis,fMjYOuOg9CA
Luluca Games,CgPrRFREaUs
Luluca Games,gEYGeBSU6mQ
Luluca Games,XRPhlroCgrs
Luluca Games,6DZuPKD3oXE
Luluca Games,XAmvWDP9NO8
Luluca Games,mxBoUv3Qy80
Luluca Games,mcVpqFMH-vk
Luluca Games,v8tUZYOKG1s
Luluca Games,r_ULrIgqKZY
Luluca Games,JHIRdiViSsE
Luluca Games,dLfk1md3Gls
Luluca Games,jCGSqLJZXhU
Luluca Games,xQX87aZoiZo
Luluca Games,ND34d_Cjk4U
Luluca Games,qazxjfuaARk
Luluca Games,h7cmF_MkHqg
Luluca Games,qrwEI01jAmQ
Luluca Games,GlSYF61K8OU
Luluca Games,6OGdC0gzc64
Luluca Games,jl7xCBkQIAY
Luluca Games,fsNSl1IB5C0
Luluca Games,prTcefC1QIs
Luluca Games,rCETRlT0FgY
Luluca Games,dHige7c_UqU
Luluca Games,lVYOUr5mPIA
Luluca Games,Hk3ykbY3ecI
Luluca Games,-lKlRhviCag
Luluca Games,B276x5wa3s0
Luluca Games,hb-v1B5MPyI
Luluca Games,aIEQm6bdWVA
Luluca Games,kZ0QvNcQUwY
Luluca Games,vX-njkSv2_8
Luluca Games,h6MKBqVNsko
Luluca Games,EUurBoH4Jps
Luluca Games,gGjpyy0__Ac
Luluca Games,qBAcvs_2xSw
Luluca Games,W7vuVdF_Cv0
Luluca Games,jBH2FJDNxfI
Luluca Games,kBx6GOnxjKk
Luluca Games,7ZAd5-WAT9k
Luluca Games,MDxIxh2AOAI
Luluca Games,Hwg64GoN0KU
Luluca Games,gOCosPDWgkw
Luluca Games,eMFjIyKUniM
Luluca Games,zjOOJUT6wnc
Luluca Games,QnDd88wjSdk
Luluca Games,5Qgf9bmIVTk
Luluca Games,lXLP42Gn9xE
Luluca Games,dScA4bE_rFc
Luluca Games,iwhi5zlO4go
Luluca Games,gWixSLAynck
Luluca Games,r-hN0gMU6Ok
Luluca Games,MuCi0LhmdQU
Luluca Games,rGYwJDVMWAw
Luluca Games,aGtKSPoa1Bg
Luluca Games,Z8nYdhJCt8o
Luluca Games,sHkdja916nI
Luluca Games,JPID-UlHbp4
Luluca Games,6Vrmh55OuHI
Luluca Games,fAY-Y_1umSA
Luluca Games,j6f7CWELSVE
Luluca Games,pjQPA0b97XA
Luluca Games,7aAUzryqOcw
Luluca Games,Gn3aZfuw5Ws
Luluca Games,T6JF_O10ScQ
Luluca Games,34zYaxlcFT4
Luluca Games,h1AFeX1OR7o
Luluca Games,ulkDYMnM8VI
Luluca Games,XMyU4eS8YZ8
Luluca Games,hFIoS4EHC5U
Luluca Games,CXuMK27HQ-0
Luluca Games,taBBaIG05qE
Luluca Games,3DuTObQxwQA
Luluca Games,0NhlUtEUS6Q
Luluca Games,oTbUPgRzV4U
Luluca Games,73PTORZH8SI
Papile,p4ti4-Bpc30
Papile,mHBR1CkWFLk
Papile,AonpjNe8MS8
Papile,YPnE05HDow8
Papile,aQt-66u2PgE
Papile,26qw0SrkVn8
Papile,6_E489lV-Ao
Papile,MtGvUD-T3uw
Papile,9aL2b8Jyl5k
Papile,Wu3fnCoyD6w
Papile,0MOuzlu4SFM
Papile,78V11P-7Z4I
Papile,kPbt6izOMo0
Papile,QbeO9RhqhDo
Papile,UwVvHfi4L1s
Papile,dHHLJFLjC8g
Papile,4UQiXfW-V4M
Papile,q3Z8xiwhNiw
Papile,EXIlMtL1OkM
Papile,OsRLb1jsNVo
Papile,cB-zkWUDdGA
Papile,BUOsu4qO4kM
Papile,jqRj7WNU2jc
Papile,QUmN3D25Bfs
Papile,T_dtHWlvIyc
Papile,QJgVBo_PsPw
Papile,HnnUvYs7xxQ
Papile,51WrVNgQj_U
Papile,y4_LR0W0emE
Papile,FXvwVIce2qU
Papile,TOUEXnwJJI0
Papile,zx_eve7_F80
Papile,9Zk82UpuERE
Papile,GOOdTlorEfE
Papile,AHvYSTaAADc
Papile,fWF2ENAsqjM
Papile,OV-t7fIEy2s
Papile,7o6e-AApV7w
Papile,NYWQqWdSUZc
Papile,PWUbqxf-23o
Papile,uuVpHwI5l4U
Papile,ERtFyPFx8Xg
Papile,5Ngbs0IH_EM
Papile,2TjMn6anWgM
Papile,AHrdx-qHPds
Papile,9fx9vw54dbc
Papile,6sUZHIsWoWU
Papile,ERIAGsds87Q
Papile,u5s4rwic6Ic
Papile,wQa9mSIXSl4
Papile,T6mVAydxlvg
Papile,oDAnuVBq8Uw
Papile,DfCz0svFqt8
Papile,9qTwoSs2BA4
Papile,Q8tuojdGeew
Papile,Jx1kZ9ZF1n0
Papile,qdfB9gDD9m4
Papile,KpGpk22Tzo8
Papile,UOVsXjjUY9Q
Papile,N-GQXGJtpXw
Papile,0PXfhQmNVPg
Papile,lg4P0zBPfzc
Papile,HFp8m8gzQ7Q
Papile,nq8fMWfJvrk
Papile,pdxWOH6vH64
Papile,2o_KwKMGaRw
Papile,aWspHxNlZ1E
Papile,mytc6n532CU
Papile,UQwjQax6g6Q
Papile,sxxuRoIGeSI
Papile,5HQCGZtobbk
Papile,rI3ypb3zdT4
Papile,g35NcXKuyUA
Papile,iYGvZl7DvOw
Papile,qjpbW6sB5pk
Papile,keYCiU7Tq3I
Papile,Of7PwqDuv0U
Papile,Nk6TJVe3KyM
Papile,DmkMbY_2YBA
Papile,ZuXVlgKqZyA
Papile,Zh-aR-pY1KI
Papile,tedPP-srOAI
Papile,szXTMi38wEs
Papile,_m6S-3dj088
Papile,TG2SznJ1VG0
Papile,k_sl7ulCaAI
Papile,Lmi_U70nj-c
Papile,0K8nX0R61nU
Papile,kfwlBLEGoDQ
Papile,xQcCBl4ZcqY
TazerCraft,9cWX9CNyylI
TazerCraft,wBG7C8msQ2A
TazerCraft,drnDl3LccLs
TazerCraft,DfQnWgU3DxY
TazerCraft,3in-sza-UTY
TazerCraft,YvtH5Psg7N0
TazerCraft,PS412i9ZKow
TazerCraft,eXr6ptf0PVI
TazerCraft,vGAsa8MLTeg
Julia MineGirl,Z_aUi5K-drw
