video_id,comment_id,author,author_profile_image_url,author_channel_url,author_channel_id,comment,published_at,updated_at,like_count,viewer_rating,can_rate,is_reply,parent_id,roberta-neg,roberta-neu,roberta-pos,channel_id
66Xg1GkJjdg,UgwwOv41k0Ky8raKYj54AaABAg,@PedroHenrique-t2i3k,https://yt3.ggpht.com/ytc/AIdro_mYhDDsCA9NfTG2PgzluZfHQpG5ifmMgJPfOK61kjZldvH8THXl33B8Pu__NmTzyraUXQ=s48-c-k-c0x00ffffff-no-rj,http://www.youtube.com/@PedroHenrique-t2i3k,UC0YWzr_4yueixX1d3TEOlkQ,Dinheiro,2025-01-09T03:46:55Z,2025-01-09T03:46:55Z,0,none,True,False,,0.13624867796897888,0.6757176518440247,0.18803374469280243,UC9Qu6o04oTf-b2acahQVk1g
66Xg1GkJjdg,UgyEgqFmbcXnSa5wM0d4AaABAg,@JocileneBarrosdosSantosSouza,https://yt3.ggpht.com/ytc/AIdro_kjUVrqCB6UWF75gLzU932nE3hFxWgq9DnF2J5ZgTdjAIb7ONkpz4bBRKOhrX02vgoUJA=s48-c-k-c0x00ffffff-no-rj,http://www.youtube.com/@JocileneBarrosdosSantosSouza,UCZfTm9YrPcH_64FH-HT3szQ,Dinheiro,2024-11-01T18:48:11Z,2024-11-01T18:48:11Z,0,none,True,False,,0.13624867796897888,0.6757176518440247,0.18803374469280243,UC9Qu6o04oTf-b2acahQVk1g
66Xg1GkJjdg,Ugx-c9lpsSd1vJ3YsyJ4AaABAg,@JocileneBarrosdosSantosSouza,https://yt3.ggpht.com/ytc/AIdro_kjUVrqCB6UWF75gLzU932nE3hFxWgq9DnF2J5ZgTdjAIb7ONkpz4bBRKOhrX02vgoUJA=s48-c-k-c0x00ffffff-no-rj,http://www.youtube.com/@JocileneBarrosdosSantosSouza,UCZfTm9YrPcH_64FH-HT3szQ,‚ù§‚ù§‚ù§,2024-11-01T18:38:25Z,2024-11-01T18:38:25Z,0,none,True,False,,0.005155457649379969,0.07394232600927353,0.9209022521972656,UC9Qu6o04oTf-b2acahQVk1g
66Xg1GkJjdg,UgySwQm5qDMY4UYvgc54AaABAg,@ArthurFran√ßa-g9m,https://yt3.ggpht.com/ytc/AIdro_n6ZBBa_3wssvZ-3uYejR-pYif7bZ3F-sJr33JSyktwwYCCLRkkFCHIjZW7Up1yAzVU4w=s48-c-k-c0x00ffffff-no-rj,http://www.youtube.com/@ArthurFran%C3%A7a-g9m,UCyItdxpQ9ujwudMwpqEp6fw,üòÇüíì,2024-10-29T14:46:08Z,2024-10-29T14:46:08Z,0,none,True,False,,0.018377745524048805,0.21728304028511047,0.7643392086029053,UC9Qu6o04oTf-b2acahQVk1g
66Xg1GkJjdg,UgyxwL6RNiOve0vclJl4AaABAg,@patricianunes112,https://yt3.ggpht.com/ytc/AIdro_nPVPKg6oKVEsZOr-nfTw-wGgJAfF9EXVqI-vR2xa60mkw=s48-c-k-c0x00ffffff-no-rj,http://www.youtube.com/@patricianunes112,UCI2hTHdWfdBtYgmtfZfEL9g,DiNHEIROüòä‚ù§üíô‚ù§üíô‚ù§üíô‚ù§üíô‚ù§üíô‚ù§üíô‚ù§üíô,2024-04-28T21:40:55Z,2024-04-28T21:40:55Z,0,none,True,False,,0.001678220578469336,0.04976119101047516,0.9485605955123901,UC9Qu6o04oTf-b2acahQVk1g
66Xg1GkJjdg,Ugw63wpRlxHEJXtvNBJ4AaABAg,@MariaIvanicedaSilvaferreira,https://yt3.ggpht.com/ytc/AIdro_nQnix-VeJ6EdB4XIG9FFgrkb8_vpSDP2Ft1Cp8cNbPAPogyXsBLaYw96po1fV2IWNUFw=s48-c-k-c0x00ffffff-no-rj,http://www.youtube.com/@MariaIvanicedaSilvaferreira,UCTzgxBhdVYnmn7oQD1aWixA,dinheiro üòäüòäüòäüòä,2024-04-14T22:17:27Z,2024-04-14T22:17:27Z,0,none,True,False,,0.0030044647864997387,0.07392178475856781,0.9230737686157227,UC9Qu6o04oTf-b2acahQVk1g
66Xg1GkJjdg,UgwbelJZUvbsNMmO8M54AaABAg,@Gilson-d5e,https://yt3.ggpht.com/ytc/AIdro_mxIxgwNJNJ3orBHvpfnvNNq0V7qfF1pIW4p_kgsijc8MqFCxJiW_5VgEl7JcELOv7DGQ=s48-c-k-c0x00ffffff-no-rj,http://www.youtube.com/@Gilson-d5e,UCr-Z5EZxWfh1E8QbTKownMg,Diheroüòä,2024-03-28T00:07:32Z,2024-03-28T00:07:32Z,0,none,True,False,,0.003646125551313162,0.15797318518161774,0.8383806347846985,UC9Qu6o04oTf-b2acahQVk1g
66Xg1GkJjdg,UgzYqC1eUjSQjxw-tX94AaABAg,@maiconsantos-vu3kz,https://yt3.ggpht.com/ytc/AIdro_ksi_bFepkE3xB_CkiXlX73yxIkeqJZRwnGLU1fZmIu1uOtLSLuskEzkceLFvGa77DlMQ=s48-c-k-c0x00ffffff-no-rj,http://www.youtube.com/@maiconsantos-vu3kz,UCkstSCf1XcPqmLD-xfDHwHw,Denheiro,2024-02-09T23:33:50Z,2024-02-09T23:33:50Z,0,none,True,False,,0.18593139946460724,0.5989397168159485,0.21512894332408905,UC9Qu6o04oTf-b2acahQVk1g
66Xg1GkJjdg,UgwMJ4bBqqagTYgQYil4AaABAg,@MariaPalmiradaCostaCosta,https://yt3.ggpht.com/MnPKuf0r8mGUNynVgJ9BMOKy0WQf9N7skuXqGCWyQ1F2x0KQrsMbjQx_rtRJWihU0o2tCsCYM_E=s48-c-k-c0x00ffffff-no-rj,http://www.youtube.com/@MariaPalmiradaCostaCosta,UCzhWDbTqcMM_Mzi7josQGng,Dinheirinho ‚ù§‚ù§‚ù§‚ù§‚ù§‚ù§‚ù§üéâüéâüéâ,2023-11-22T08:12:21Z,2023-11-22T08:12:21Z,1,none,True,False,,0.0012394236400723457,0.03092285990715027,0.9678377509117126,UC9Qu6o04oTf-b2acahQVk1g
66Xg1GkJjdg,UgxlnFLQ8T9t9nZV2fl4AaABAg,@luizcarlos-kx2xk,https://yt3.ggpht.com/ytc/AIdro_lTBtEo9qpLE1Jtw6UzeQtUTIfA0neRDAyACjSQCwEZcfY=s48-c-k-c0x00ffffff-no-rj,http://www.youtube.com/@luizcarlos-kx2xk,UCqGziy_5txMiEDw3Qx1NPIA,dineiroooooooooooooooooooooooooooooo,2023-11-21T00:19:12Z,2023-11-21T00:19:12Z,0,none,True,False,,0.15281811356544495,0.6066883206367493,0.24049359560012817,UC9Qu6o04oTf-b2acahQVk1g
66Xg1GkJjdg,UgzqmeEX276PzpzDnX54AaABAg,@Jenifferdesilesnunes,https://yt3.ggpht.com/cSFhbPNoyjVltNLxjpptE5m1MwwWoX4-O4Echt1T7GfHfJLJksmncbwYSS3Pf6RCRk7CJ-BjMA=s48-c-k-c0x00ffffff-no-rj,http://www.youtube.com/@Jenifferdesilesnunes,UCaLGkTZHCb6NUW9XplFMrvw,"Kr trapacioüòÇüòÇüòÇüòÇKass fez de verdadeüòÇüòÇüòÇ ""DINHEIRO'",2023-11-12T14:52:25Z,2023-11-12T14:52:25Z,1,none,True,False,,0.12245924770832062,0.7665229439735413,0.11101777106523514,UC9Qu6o04oTf-b2acahQVk1g
66Xg1GkJjdg,Ugw_hH9gGaZNu64LaZt4AaABAg,@wagner008,https://yt3.ggpht.com/GZ-nsqLsYtAwRj72LnxaA2qrRuZHZA4VR_A9ke4OUPxiY6YOHYlynEhx5U0G2L-CCywLe7JPEQ=s48-c-k-c0x00ffffff-no-rj,http://www.youtube.com/@wagner008,UCMheE7CtRMEswK3TGAlLVUg,Money,2023-11-09T07:51:35Z,2023-11-09T07:51:35Z,0,none,True,False,,0.26267483830451965,0.5935680866241455,0.14375711977481842,UC9Qu6o04oTf-b2acahQVk1g
66Xg1GkJjdg,UgxsdagRbzOk3ri0ZH14AaABAg,@fernandalimadeoliveira248,https://yt3.ggpht.com/ytc/AIdro_kJHh28OrznvEs62DJw5nZyrhIBXe6HH_VrHkYCCwI=s48-c-k-c0x00ffffff-no-rj,http://www.youtube.com/@fernandalimadeoliveira248,UCTkco1eNsateN6lzZ-bxJbw,dinheiro,2023-10-27T11:30:26Z,2023-10-27T11:30:26Z,0,none,True,False,,0.18252845108509064,0.5991634726524353,0.21830804646015167,UC9Qu6o04oTf-b2acahQVk1g
66Xg1GkJjdg,Ugwibg8byhDIM17G08V4AaABAg,@mariaceliaalvesalves5797,https://yt3.ggpht.com/adq4yXIj3ZBcyUGZCdz0M4bNio_L5QlhuhKH7eJCqooGPsgIIh5XmYljj5izarBOkgldUbmf=s48-c-k-c0x00ffffff-no-rj,http://www.youtube.com/@mariaceliaalvesalves5797,UCBo-DbICRRCr8QCe6BhMx0g,Dinheiro,2023-10-18T15:40:38Z,2023-10-18T15:40:38Z,0,none,True,False,,0.13624867796897888,0.6757176518440247,0.18803374469280243,UC9Qu6o04oTf-b2acahQVk1g
66Xg1GkJjdg,UgyAs5gSIQTn2AqUKTF4AaABAg,@RosielvisMorales,https://yt3.ggpht.com/ytc/AIdro_lp9OQ-_ykMGuXZ9KrcKyPSm9kA9vB9cMF5T5UXie-0OmMMmgygTjG1BuATiGxiSrkuCQ=s48-c-k-c0x00ffffff-no-rj,http://www.youtube.com/@RosielvisMorales,UCrl6IGO0we4bc0NWR0a2mxg,Dineroüòä‚ù§‚ù§‚ù§‚ù§‚ù§‚ù§‚ù§‚ù§‚ù§‚ù§‚ù§‚ù§‚ù§,2023-10-16T18:47:25Z,2023-10-16T18:47:25Z,0,none,True,False,,0.0022703679278492928,0.04060370475053787,0.9571259617805481,UC9Qu6o04oTf-b2acahQVk1g
66Xg1GkJjdg,Ugz_p-N_oJQo8DgND_14AaABAg,@canaldaanaliz8898,https://yt3.ggpht.com/sR88XwZhkx5aJVbX2p_Uq_96WRxpsqfKfB97tMFdvF3sihr_4yfqRl45xkOGeSeJg_2slrWs=s48-c-k-c0x00ffffff-no-rj,http://www.youtube.com/@canaldaanaliz8898,UC31TKpRQo8R-aIgSrA0VHIg,DINHEIRO‚ù§üíô,2023-10-15T15:48:03Z,2023-10-15T15:48:03Z,0,none,True,False,,0.00454730773344636,0.1531803011894226,0.8422724008560181,UC9Qu6o04oTf-b2acahQVk1g
66Xg1GkJjdg,UgxOlVuQ8dMXLI54kkV4AaABAg,@Tefa098,https://yt3.ggpht.com/W1etvrqJjwIqzDCMknTkAITEBRp9QJabx9DJXfx7SI0k3Ywn1qEeMEctHM2wLN6l07Emp036WdE=s48-c-k-c0x00ffffff-no-rj,http://www.youtube.com/@Tefa098,UCNDLZfDfhwo6D-P63RTXH-g,Caraca vcs gostam de trolar e pegar as coisas  dos outros üò¢üò¢üòÖ,2023-10-12T00:14:06Z,2023-10-12T00:14:06Z,0,none,True,False,,0.5666451454162598,0.37746623158454895,0.05588861554861069,UC9Qu6o04oTf-b2acahQVk1g
66Xg1GkJjdg,UgyBTq_5QsVxzxmT8-Z4AaABAg,@MarluciSilvasousa-k5k,https://yt3.ggpht.com/ytc/AIdro_nQnix-VeJ6EdB4XIG9FFgrkb8_vpSDP2Ft1Cp8cNbPAPogyXsBLaYw96po1fV2IWNUFw=s48-c-k-c0x00ffffff-no-rj,http://www.youtube.com/@MarluciSilvasousa-k5k,UCVDbNF7qhcICpYDc-1tA7mA,Dinheiro,2023-10-07T17:38:48Z,2023-10-07T17:38:48Z,0,none,True,False,,0.13624867796897888,0.6757176518440247,0.18803374469280243,UC9Qu6o04oTf-b2acahQVk1g
66Xg1GkJjdg,Ugwx3FScMt2QSPuEFAB4AaABAg,@jenniferlemos4178,https://yt3.ggpht.com/45pek9GdGlRVz8d5oRqA8hd0A6_k9hPVzGt4v3vd_mbuwUW5KdX9EKI6DZcQL8uFKCMrIAMYYg=s48-c-k-c0x00ffffff-no-rj,http://www.youtube.com/@jenniferlemos4178,UCHxARZpwlP0r0DbN-qgyPUA,DINHEIRO,2023-10-06T16:13:28Z,2023-10-06T16:13:28Z,0,none,True,False,,0.19549159705638885,0.5876786708831787,0.21682970225811005,UC9Qu6o04oTf-b2acahQVk1g
66Xg1GkJjdg,Ugxf4C24ZrENo2_Gdkp4AaABAg,@EduardoGomes-c9j,https://yt3.ggpht.com/ytc/AIdro_k9jCJGi8-Zs-Lb2gCzSuU9Z0tDjgr5okVNTMG3d1x_7RNl82qb8GwuEqEE0jPXvJuHrQ=s48-c-k-c0x00ffffff-no-rj,http://www.youtube.com/@EduardoGomes-c9j,UCoVJF_oRu7762zsVniKdi4Q,Dinheiro,2023-09-20T20:43:05Z,2023-09-20T20:43:05Z,0,none,True,False,,0.13624867796897888,0.6757176518440247,0.18803374469280243,UC9Qu6o04oTf-b2acahQVk1g
66Xg1GkJjdg,UgwVBwuLblNsGiAbX2t4AaABAg,@derildobarboza5849,https://yt3.ggpht.com/ytc/AIdro_nfSppLCD_p_SuXDmSdAE7-9-LGLur8qLGgVYoVEvclLtz-hcyf1aFDVF51ZCP_GaEGag=s48-c-k-c0x00ffffff-no-rj,http://www.youtube.com/@derildobarboza5849,UC0gXihOunnUjldyH45c_P2Q,Dinheirooooo‚ù§,2023-09-20T13:53:38Z,2023-09-20T13:53:38Z,0,none,True,False,,0.0019246394513174891,0.07996697723865509,0.9181084036827087,UC9Qu6o04oTf-b2acahQVk1g
66Xg1GkJjdg,UgzPxD7wkylS0S4GyEt4AaABAg,@JonathanKoslowski,https://yt3.ggpht.com/ytc/AIdro_nbnIwyYsF5KGzS2pWd-Bbv2zgtWKXIXYtKtnh9Q669BzQAGM9gxLELfbqgp3aEheu7BQ=s48-c-k-c0x00ffffff-no-rj,http://www.youtube.com/@JonathanKoslowski,UCBVpsOpNx599zHH2BggSr0w,Dinheiro,2023-09-12T01:04:43Z,2023-09-12T01:04:43Z,0,none,True,False,,0.13624867796897888,0.6757176518440247,0.18803374469280243,UC9Qu6o04oTf-b2acahQVk1g
66Xg1GkJjdg,UgzPse2-w9OaFSOr6sl4AaABAg,@MateusNunes-n8m,https://yt3.ggpht.com/ytc/AIdro_nO5_AnrR5wC3yikrkeRVMEqqK2JYLnvMQub5cKxd-mCQNDacSpJv5wGRkTMh4pgO6TqQ=s48-c-k-c0x00ffffff-no-rj,http://www.youtube.com/@MateusNunes-n8m,UCJ5MVMN-XYFkK25w6blEkvA,Dinheiro,2023-09-06T12:03:42Z,2023-09-06T12:03:41Z,0,none,True,False,,0.13624867796897888,0.6757176518440247,0.18803374469280243,UC9Qu6o04oTf-b2acahQVk1g
66Xg1GkJjdg,UgynCc3i-diHy_vhpb14AaABAg,@DaviVi-b1i,https://yt3.ggpht.com/ytc/AIdro_nsY7Wz66Qkthpw8X7S-QjH6rLsZ8W4MCt8yLMHraVlOilDEr_euLO-DWFfReOv4gst5w=s48-c-k-c0x00ffffff-no-rj,http://www.youtube.com/@DaviVi-b1i,UCUYCYjocAO7AAWruTvLMOXg,dinheiro,2023-09-04T22:35:26Z,2023-09-04T22:35:26Z,0,none,True,False,,0.18252845108509064,0.5991634726524353,0.21830804646015167,UC9Qu6o04oTf-b2acahQVk1g
66Xg1GkJjdg,Ugxl0vFhBGlp9cOMrmJ4AaABAg,@LaisMatos-p6w,https://yt3.ggpht.com/ytc/AIdro_n1hHNFfhXBR4BASbMAHa8CRJOT-_7vV_OG-i3RKWwWIZ-j-3B7Fl4iapOfpamSrb2qYA=s48-c-k-c0x00ffffff-no-rj,http://www.youtube.com/@LaisMatos-p6w,UCE8NiQgDaJ4IASNmkHeGeKg,LA√çS EMANUELLY üêàü•õüòπüò∏üò∫üòæüòøüôÄüòΩüòºüòª,2023-08-29T14:07:54Z,2023-08-29T14:07:54Z,0,none,True,False,,0.15173952281475067,0.742387056350708,0.10587334632873535,UC9Qu6o04oTf-b2acahQVk1g
66Xg1GkJjdg,UgzuJtm7zS6m8ERR7VF4AaABAg,@LaisMatos-p6w,https://yt3.ggpht.com/ytc/AIdro_n1hHNFfhXBR4BASbMAHa8CRJOT-_7vV_OG-i3RKWwWIZ-j-3B7Fl4iapOfpamSrb2qYA=s48-c-k-c0x00ffffff-no-rj,http://www.youtube.com/@LaisMatos-p6w,UCE8NiQgDaJ4IASNmkHeGeKg,DINHEIRO ü§ë,2023-08-29T14:02:10Z,2023-08-29T14:02:09Z,1,none,True,False,,0.038163088262081146,0.6821829080581665,0.27965399622917175,UC9Qu6o04oTf-b2acahQVk1g
66Xg1GkJjdg,UgxmpN2xuiQOwozFrWl4AaABAg,@IveteDiniz,https://yt3.ggpht.com/ytc/AIdro_l01BbL5lABX-SbH32JPbtxYFTw0q_8IG6OWmxVRCh7FG4ikXjaFwgCw3dicMdaW20FGg=s48-c-k-c0x00ffffff-no-rj,http://www.youtube.com/@IveteDiniz,UCK1I773BRWvyh2cs06ZB0bg,TineRo,2023-08-23T23:22:28Z,2023-08-23T23:22:28Z,0,none,True,False,,0.1244516670703888,0.7018681764602661,0.17368009686470032,UC9Qu6o04oTf-b2acahQVk1g
66Xg1GkJjdg,UgzATuUWku_kG-Cf5fl4AaABAg,@MayconRodrigues679,https://yt3.ggpht.com/ytc/AIdro_nQnix-VeJ6EdB4XIG9FFgrkb8_vpSDP2Ft1Cp8cNbPAPogyXsBLaYw96po1fV2IWNUFw=s48-c-k-c0x00ffffff-no-rj,http://www.youtube.com/@MayconRodrigues679,UCrG91oh8SVW-90n0OyITckQ,Dinheiro,2023-08-22T18:08:46Z,2023-08-22T18:08:46Z,0,none,True,False,,0.13624867796897888,0.6757176518440247,0.18803374469280243,UC9Qu6o04oTf-b2acahQVk1g
66Xg1GkJjdg,Ugw3-XN012nPt67Bczp4AaABAg,@ivancaveson8688,https://yt3.ggpht.com/ytc/AIdro_m77CE4updtmO71NC_P2A-nWU2w2lY2_gvob5G2sIs=s48-c-k-c0x00ffffff-no-rj,http://www.youtube.com/@ivancaveson8688,UCLt7MTibTNfuptLrx3codyw,Sabe e por qu√™ n√£o gosta do amigo chama kr,2023-08-14T01:46:38Z,2023-08-14T01:46:38Z,0,none,True,False,,0.1264026015996933,0.8215212225914001,0.05207623541355133,UC9Qu6o04oTf-b2acahQVk1g
66Xg1GkJjdg,Ugyeq0LhlDhV93zWquV4AaABAg,@ivancaveson8688,https://yt3.ggpht.com/ytc/AIdro_m77CE4updtmO71NC_P2A-nWU2w2lY2_gvob5G2sIs=s48-c-k-c0x00ffffff-no-rj,http://www.youtube.com/@ivancaveson8688,UCLt7MTibTNfuptLrx3codyw,Eu odeio kass,2023-08-14T01:45:13Z,2023-08-14T01:45:13Z,0,none,True,False,,0.1625106930732727,0.7291537523269653,0.10833551734685898,UC9Qu6o04oTf-b2acahQVk1g
66Xg1GkJjdg,Ugys_Sf-dR9uIk2PIPl4AaABAg,@lvvictorsilva,https://yt3.ggpht.com/qj4hZxPgRY8oWvy-CIhiDZ1mLXeXiu0_Yrvr8cF8qbX8mADunjTp-RGYfJuWQ3_97FnQjF_BUA=s48-c-k-c0x00ffffff-no-rj,http://www.youtube.com/@lvvictorsilva,UC5rU7wChYdK0XpcPjApnjHw,dinheiro,2023-08-11T00:05:05Z,2023-08-11T00:05:05Z,1,none,True,False,,0.18252845108509064,0.5991634726524353,0.21830804646015167,UC9Qu6o04oTf-b2acahQVk1g
66Xg1GkJjdg,UgyrpiDweGYR5fdMWcB4AaABAg,@guidaagustinhoguida1200,https://yt3.ggpht.com/ytc/AIdro_mBIcRF7KJgZtH1sF9zpZLyP7dSzGRgl9uQCveLZwMNt8fOfoKZxIn1FLNP303YunpsIQ=s48-c-k-c0x00ffffff-no-rj,http://www.youtube.com/@guidaagustinhoguida1200,UCBSg9glldmBeDUxJ29ekSYw,Dinheiro,2023-08-08T18:42:28Z,2023-08-08T18:42:28Z,0,none,True,False,,0.13624867796897888,0.6757176518440247,0.18803374469280243,UC9Qu6o04oTf-b2acahQVk1g
66Xg1GkJjdg,UgygUsHHiBZDjAFa3bh4AaABAg,@kesiajunior8885,https://yt3.ggpht.com/4poeRyuuwwD1Vn7cc_YuPedQnaWxWiPz7dd4Bxo3Z9n8eJiAefgK_oE_OkIDyQ2FahD9fn27mw=s48-c-k-c0x00ffffff-no-rj,http://www.youtube.com/@kesiajunior8885,UCRMKJdw1T0BuXc3Yv2vzJQA,Dinheiro ‚ù§ kesia vit√≥ria dos Santos Vieira,2023-08-06T00:32:09Z,2023-08-06T00:32:09Z,1,none,True,False,,0.002461849246174097,0.18176254630088806,0.8157756328582764,UC9Qu6o04oTf-b2acahQVk1g
66Xg1GkJjdg,UgwEcdzQD2tsMMyN22B4AaABAg,@RodrigoAlvesdosSantosAlvesdosS,https://yt3.ggpht.com/ytc/AIdro_lawf9yWTQpDKE0MLo3587nhlwH_ppxDQse0Bw_-WWV25kHUsQnoRSTBnBBFdxj69wZBg=s48-c-k-c0x00ffffff-no-rj,http://www.youtube.com/@RodrigoAlvesdosSantosAlvesdosS,UCdShyDfcXH84LesbzCIzPGg,Dinheiro,2023-08-01T21:13:26Z,2023-08-01T21:13:26Z,0,none,True,False,,0.13624867796897888,0.6757176518440247,0.18803374469280243,UC9Qu6o04oTf-b2acahQVk1g
66Xg1GkJjdg,UgyQ-3i9mlL4EFm97tV4AaABAg,@sirleiaalmeida,https://yt3.ggpht.com/ytc/AIdro_k82QyAI4bPkllTGYW1uAh9g2F373PAH3byJC8f1I0FsxpqxMTd2Pi9ZMx0zq4opKmx6Q=s48-c-k-c0x00ffffff-no-rj,http://www.youtube.com/@sirleiaalmeida,UC2R8GYhShjTzVBeCdysbH7g,Dinero,2023-07-29T01:27:38Z,2023-07-29T01:27:38Z,0,none,True,False,,0.1726207435131073,0.6010309457778931,0.22634835541248322,UC9Qu6o04oTf-b2acahQVk1g
66Xg1GkJjdg,Ugy7ffRyvrWk17Gx3TN4AaABAg,@francialvesssilva8952,https://yt3.ggpht.com/B-2eAprdQQk_OrbnqmeZ7IFwUIbSZdnIPozvhax6juqpCUguPUoVYX4b0ZKAaz237SpEdF1I7A=s48-c-k-c0x00ffffff-no-rj,http://www.youtube.com/@francialvesssilva8952,UCPmuZm0o4OKcgSNIBdvdKMQ,ü§ëü§ëü§ëü§ëü§ë,2023-07-26T20:06:28Z,2023-07-26T20:06:28Z,0,none,True,False,,0.03914239630103111,0.44607964158058167,0.5147780179977417,UC9Qu6o04oTf-b2acahQVk1g
66Xg1GkJjdg,UgxG1LTlugr7qH3I8rJ4AaABAg,@alessandrabrilhante5562,https://yt3.ggpht.com/Z7-n2XSsEGPeDwJyMFyeljRKjuYfUAuNXlv4cVLL_EAoCoKvRwgMGUFlPPKZaXU29eOhtaqo=s48-c-k-c0x00ffffff-no-rj,http://www.youtube.com/@alessandrabrilhante5562,UC54wyWAlsFqaIpQCqk5WPXw,dinheiro,2023-07-24T00:17:36Z,2023-07-24T00:17:36Z,0,none,True,False,,0.18252845108509064,0.5991634726524353,0.21830804646015167,UC9Qu6o04oTf-b2acahQVk1g
66Xg1GkJjdg,UgxQwSohPgilPq7_k-54AaABAg,@ryckelmeluis,https://yt3.ggpht.com/rXcWY6RBEX8_arvB0eaZb03pRV8NZ-OZFVnoBzb1SqisxT4JeQsL1S3PSFXVZ5TDXcP_edvmJIc=s48-c-k-c0x00ffffff-no-rj,http://www.youtube.com/@ryckelmeluis,UCxVLCHWGo51U8BX2eXpwa5A,DINHEILO,2023-07-23T22:43:01Z,2023-07-23T22:43:01Z,0,none,True,False,,0.13014893233776093,0.6831819415092468,0.18666909635066986,UC9Qu6o04oTf-b2acahQVk1g
66Xg1GkJjdg,UgyUDbQlRL8cKJti7Fl4AaABAg,@LarissaOliveiradesousa-ek9xo,https://yt3.ggpht.com/ytc/AIdro_lH1zJmlsA1WqGJZyMpgTbIfXRnmiC714MlofQqnMaTuRgkpG4o42a60HhOGPyJpAPAuA=s48-c-k-c0x00ffffff-no-rj,http://www.youtube.com/@LarissaOliveiradesousa-ek9xo,UCbtus8kGWLM4g_tqTlHYl0Q,Dinheirooooo adoro voc√™,2023-07-20T21:54:08Z,2023-07-20T21:54:08Z,0,none,True,False,,0.047375790774822235,0.8067120313644409,0.14591221511363983,UC9Qu6o04oTf-b2acahQVk1g
66Xg1GkJjdg,Ugz0Wg2sylBnKevx5-p4AaABAg,@elisabeteperdigoto6341,https://yt3.ggpht.com/ytc/AIdro_naJo3ySt8WWcGd4MqF4ouuTCrjOnldCLgDYxgrFxw=s48-c-k-c0x00ffffff-no-rj,http://www.youtube.com/@elisabeteperdigoto6341,UC1sfpwPTb6c3rEetC0uENYQ,Dinheiro,2023-07-20T06:48:17Z,2023-07-20T06:48:17Z,0,none,True,False,,0.13624867796897888,0.6757176518440247,0.18803374469280243,UC9Qu6o04oTf-b2acahQVk1g
66Xg1GkJjdg,UgyuNC_ygiA6rfipwgR4AaABAg,@natielejesus279,https://yt3.ggpht.com/ytc/AIdro_lLXnCr-jsTKWl9OX5JW0aWj3HY8bqkvfHwZWKTLgs=s48-c-k-c0x00ffffff-no-rj,http://www.youtube.com/@natielejesus279,UCquj8ZqdptiXiaIw6_yJ1Ng,‚ù§,2023-07-19T13:22:02Z,2023-07-19T13:22:02Z,0,none,True,False,,0.009744410403072834,0.2173171490430832,0.7729384303092957,UC9Qu6o04oTf-b2acahQVk1g
66Xg1GkJjdg,UgzpaseNZgCI3eM44hp4AaABAg,@davifeitosa1265,https://yt3.ggpht.com/ytc/AIdro_n4wJ1o745a8pX0WITv50Uujw4uXvzulMVIepHG4zeFQ8-oJCV9hJ7hsVaXbntXvYzOwA=s48-c-k-c0x00ffffff-no-rj,http://www.youtube.com/@davifeitosa1265,UCgKQ6pDwdSsUoWPudglx7dg,Dinheiro üí∂,2023-07-18T23:19:04Z,2023-07-18T23:19:04Z,0,none,True,False,,0.09690140187740326,0.7236014604568481,0.17949716746807098,UC9Qu6o04oTf-b2acahQVk1g
66Xg1GkJjdg,Ugx-AclQugv-lR1SLLl4AaABAg,@SousaMendes-nb1vb,https://yt3.ggpht.com/R5ZkheLrm9LkHmE6hyjxBV8jrm04RUyF2O_qEd1b2fnzzIzB99k0kBTw5QiSF_hWaefc6euHuw=s48-c-k-c0x00ffffff-no-rj,http://www.youtube.com/@SousaMendes-nb1vb,UC0wMEv8E0oGqoTPZu0sIE7Q,üè¢,2023-07-17T23:27:07Z,2023-07-17T23:27:07Z,0,none,True,False,,0.2511459290981293,0.569251298904419,0.179602712392807,UC9Qu6o04oTf-b2acahQVk1g
66Xg1GkJjdg,Ugwj_uVav4pvPtyYJqd4AaABAg,@isabelesantos9698,https://yt3.ggpht.com/gpwr8vQZUQPeHUo6YhKrUXj0QDb6ouPl3Idd0Ad7ahFGl1iiqJtYy8YBpdSQeUEcC3tB_9lVvZ8=s48-c-k-c0x00ffffff-no-rj,http://www.youtube.com/@isabelesantos9698,UCLcVwZggzrk-QzFLe8GpFow,Dinhero,2023-07-15T13:05:25Z,2023-07-15T13:05:25Z,0,none,True,False,,0.14218631386756897,0.6552625894546509,0.20255114138126373,UC9Qu6o04oTf-b2acahQVk1g
66Xg1GkJjdg,UgyLuv8nnDSKVM6wsdB4AaABAg,@aurinacamposdesouza8803,https://yt3.ggpht.com/ytc/AIdro_mIq3VHfPUrGhS9seKsJqeGzc2vC6doz0-nM2OENLkRxafGhMnaFzOjB0stCwcIPBngbw=s48-c-k-c0x00ffffff-no-rj,http://www.youtube.com/@aurinacamposdesouza8803,UCSKInAG_ModLJpmIxPUPgvg,Dinheiro,2023-07-13T20:51:00Z,2023-07-13T20:51:00Z,0,none,True,False,,0.13624867796897888,0.6757176518440247,0.18803374469280243,UC9Qu6o04oTf-b2acahQVk1g
66Xg1GkJjdg,UgwLGiA5pdvvuzf5OPR4AaABAg,@EduardoMartins-i1u,https://yt3.ggpht.com/APz9C8ynTom4N7ruCCnUd5Px9lN4ngvxp-Abs42NB4OGz3c3DVBGi0bDcWjL8ftfj4JYkn4b=s48-c-k-c0x00ffffff-no-rj,http://www.youtube.com/@EduardoMartins-i1u,UC9T-FjmAsd2Ie9A64oshvWA,Eu gosto muito do  seus v√≠deos,2023-07-12T19:01:13Z,2023-07-12T19:01:13Z,1,none,True,False,,0.09080611914396286,0.8202366828918457,0.08895725756883621,UC9Qu6o04oTf-b2acahQVk1g
66Xg1GkJjdg,Ugy9kkbTXxsq-ke-AyB4AaABAg,@karine-nw5tc,https://yt3.ggpht.com/2OLeZM_6s3zxRIPGQKew_sz_uF0Z96KQp9z4NQTv1pq67YGOUEg-d8ZUxFpNTpk3LfifQTO1lQ=s48-c-k-c0x00ffffff-no-rj,http://www.youtube.com/@karine-nw5tc,UCmPXhCUGw4RfieXdCvC-0aQ,dinheiro,2023-07-12T16:46:35Z,2023-07-12T16:46:35Z,0,none,True,False,,0.18252845108509064,0.5991634726524353,0.21830804646015167,UC9Qu6o04oTf-b2acahQVk1g
66Xg1GkJjdg,UgxIDzX3XbQyBgnGq4J4AaABAg,@Studio_minecreft,https://yt3.ggpht.com/RZP1S0k3kbMhLex3BoN7TGp4HGVgZh6AvvX2N6HlnGiD9CLal655fLsymGuCBtIgQeCx_efq-g=s48-c-k-c0x00ffffff-no-rj,http://www.youtube.com/@Studio_minecreft,UC-nc1Q10gXRhTvEofDLRnjg,Dinheiro,2023-07-10T01:06:38Z,2023-07-10T01:06:38Z,0,none,True,False,,0.13624867796897888,0.6757176518440247,0.18803374469280243,UC9Qu6o04oTf-b2acahQVk1g
66Xg1GkJjdg,UgyPdQyU09AAvdAor094AaABAg,@ClaudiaDrieli-wb9yi,https://yt3.ggpht.com/ytc/AIdro_k1Xp3OrktpqNwGhtbo6zA1N8xZfM2-ivxM7ptxl7Dd_E2Ehrne9RE1y1nc08gin6WZJg=s48-c-k-c0x00ffffff-no-rj,http://www.youtube.com/@ClaudiaDrieli-wb9yi,UCm76Xlyog3UcZov1HWyEoag,KR pegou todo dinheiro em tudo,2023-07-08T16:17:14Z,2023-07-08T16:17:14Z,1,none,True,False,,0.06276732683181763,0.8749150633811951,0.06231757625937462,UC9Qu6o04oTf-b2acahQVk1g
66Xg1GkJjdg,UgzXY_G0dZ2ugR8-aXF4AaABAg,@Ju_e_Lo,https://yt3.ggpht.com/C2-AtQ7I6KEBgrfrqbTxx7rvyZJrG8qQc4TifG15A7IAJBUUT4ZYAHRHXRLaSNXhD03_uc-c=s48-c-k-c0x00ffffff-no-rj,http://www.youtube.com/@Ju_e_Lo,UCAluuYfn9KgDDaaZ1ypnNRA,Dinheiro,2023-07-08T00:21:06Z,2023-07-08T00:21:06Z,1,none,True,False,,0.13624867796897888,0.6757176518440247,0.18803374469280243,UC9Qu6o04oTf-b2acahQVk1g
66Xg1GkJjdg,Ugz3d7V988DSTP0Jz2t4AaABAg,@pedrogamerytfc,https://yt3.ggpht.com/z-d9KQs-moyfSgMqAGQwAHSbx3cweEbYdsED2vHrlImn5uIf1hBt7GSeZdYRZ2bH9NkO3L8-hg=s48-c-k-c0x00ffffff-no-rj,http://www.youtube.com/@pedrogamerytfc,UCrx5I2bXBqrtnTCWAOAALLQ,üòÇüòÇüòÇ,2023-07-07T20:00:17Z,2023-07-07T20:00:17Z,0,none,True,False,,0.21948984265327454,0.48065823316574097,0.2998519539833069,UC9Qu6o04oTf-b2acahQVk1g
66Xg1GkJjdg,UgzjtCMSSdP3CFd2u5x4AaABAg,@valdizaferreira8620,https://yt3.ggpht.com/ytc/AIdro_kG_peFoKP369XtKA_PWNjrbCBYMuzbWuJg2_GYUJc=s48-c-k-c0x00ffffff-no-rj,http://www.youtube.com/@valdizaferreira8620,UC51c8W4mMZWR7Kaw8EEn2Lw,VICTOR     GABRIEL,2023-07-06T23:38:08Z,2023-07-06T23:38:08Z,0,none,True,False,,0.1720302551984787,0.7485439777374268,0.07942578196525574,UC9Qu6o04oTf-b2acahQVk1g
66Xg1GkJjdg,UgzakLyzzuWXV485pCB4AaABAg,@maiconcarvalho7396,https://yt3.ggpht.com/wmKnlXkk2C1vNGgUmL_IsgvejFqDhlUCTnPH7DAuUUbJzdEYCnnmW6h22iPtlK6CortSyLmQow=s48-c-k-c0x00ffffff-no-rj,http://www.youtube.com/@maiconcarvalho7396,UChdEBPpOS9l1Cw4jweTBLMg,O kas e kr voc√™s tem vis√£o raio-x  no maniqueft,2023-07-06T22:41:26Z,2023-07-06T22:41:26Z,0,none,True,False,,0.07615306228399277,0.8569195866584778,0.06692735850811005,UC9Qu6o04oTf-b2acahQVk1g
66Xg1GkJjdg,Ugwb3rYMARmYaHlyxHV4AaABAg,@malugamer580,https://yt3.ggpht.com/a9NQMAN8ujrLwh8DEg9y1fy-l2hooc3q1foujucsp9oMMa5tYjTyFeIO6p1S17flDk5dad2yUA=s48-c-k-c0x00ffffff-no-rj,http://www.youtube.com/@malugamer580,UCjEnBeLNmH2rcVyap1HCj7A,Dinheiro,2023-07-05T11:41:00Z,2023-07-05T11:41:00Z,0,none,True,False,,0.13624867796897888,0.6757176518440247,0.18803374469280243,UC9Qu6o04oTf-b2acahQVk1g
66Xg1GkJjdg,Ugwt-WHfKLPMErwr6YZ4AaABAg,@valeriachagas2876,https://yt3.ggpht.com/MYiQGKkPKY0mliPV8r28cVzEnQTHDh0aQyMhC0wlad7TphIhlVoXm9hUJDLA91H9sJ69feeV5Q=s48-c-k-c0x00ffffff-no-rj,http://www.youtube.com/@valeriachagas2876,UCmQcJFnQaZDSVmxZtVR6jxw,Dinheiro,2023-07-05T02:52:53Z,2023-07-05T02:52:53Z,0,none,True,False,,0.13624867796897888,0.6757176518440247,0.18803374469280243,UC9Qu6o04oTf-b2acahQVk1g
66Xg1GkJjdg,UgwNNloL4-Vn-FeD_Px4AaABAg,@fabianaduarte6234,https://yt3.ggpht.com/3K5YJHX5Tc06_pMDCsKWr_01qG8pkKoiEnGq6nfuuHoTEDKf3vcq4SLfjhuJPww3KoypmLq9=s48-c-k-c0x00ffffff-no-rj,http://www.youtube.com/@fabianaduarte6234,UCuZFQJFbMNF4SGZtbftACVQ,Dinheiro,2023-07-04T22:51:49Z,2023-07-04T22:51:49Z,0,none,True,False,,0.13624867796897888,0.6757176518440247,0.18803374469280243,UC9Qu6o04oTf-b2acahQVk1g
66Xg1GkJjdg,Ugwt35Ujqdr_04VFKcF4AaABAg,@jogojogo5875,https://yt3.ggpht.com/ytc/AIdro_lOLm-ghLUyNeR63dHQLSJT7oFA7-F0BvqAJOjYEsiDZh4OjaFpfbdHReaGhCF6aq9AXw=s48-c-k-c0x00ffffff-no-rj,http://www.youtube.com/@jogojogo5875,UCZCsQscEUGpVPPMfNFt3ogg,Dinheiro,2023-07-04T22:43:03Z,2023-07-04T22:43:03Z,1,none,True,False,,0.13624867796897888,0.6757176518440247,0.18803374469280243,UC9Qu6o04oTf-b2acahQVk1g
66Xg1GkJjdg,UgwR-LrE7m6gWf2XVh54AaABAg,@FamiliaZafenate,https://yt3.ggpht.com/ytc/AIdro_mYBtNiJkl8t4Ek6knZIhyWZN4Pr3KWyKB79nRS6UquFgHN=s48-c-k-c0x00ffffff-no-rj,http://www.youtube.com/@FamiliaZafenate,UCgaSDkt0S3hxQaTIN3cjBDA,DINHEIRO,2023-07-04T21:14:00Z,2023-07-04T21:14:00Z,0,none,True,False,,0.19549159705638885,0.5876786708831787,0.21682970225811005,UC9Qu6o04oTf-b2acahQVk1g
66Xg1GkJjdg,Ugzc3ROqIz0ksb8iEJB4AaABAg,@doutordoagro2.0,https://yt3.ggpht.com/jjD9RbpgpfblUVfTBOZtI3W4RxsjAEoKRTYGXAAjxDriahSjA_qA8ky78cjDxqEfgl_s-dX1xw=s48-c-k-c0x00ffffff-no-rj,http://www.youtube.com/@doutordoagro2.0,UCTDNlt3mHanZp21ZSa5HdCg,dinheiro,2023-07-04T20:26:25Z,2023-07-04T20:26:25Z,0,none,True,False,,0.18252845108509064,0.5991634726524353,0.21830804646015167,UC9Qu6o04oTf-b2acahQVk1g
66Xg1GkJjdg,UgweQgrX-iteRUDPglB4AaABAg,@luiscarlospelin6087,https://yt3.ggpht.com/ytc/AIdro_mKRAgOg-OR2_MEbIxdpniZKBGMD4naDTpSw_qz8w=s48-c-k-c0x00ffffff-no-rj,http://www.youtube.com/@luiscarlospelin6087,UCmE7sYLTrVYvEsY3_2EEGLA,Dinheiro,2023-07-04T20:08:25Z,2023-07-04T20:08:25Z,0,none,True,False,,0.13624867796897888,0.6757176518440247,0.18803374469280243,UC9Qu6o04oTf-b2acahQVk1g
66Xg1GkJjdg,UgyCGkJf9h_4lhGWOgZ4AaABAg,@Annax013,https://yt3.ggpht.com/EhQ2TcaIqA-xEX2eSgbu39OpqTzZ4TvPHWzHN2gUgNgwpk21NfnwxTJtczqrRNFvpIVKFdW8=s48-c-k-c0x00ffffff-no-rj,http://www.youtube.com/@Annax013,UCAa3I7vRywUmEzizbBAIS4w,Dinheiroooooo amo amo amo‚ù§,2023-07-04T12:23:02Z,2023-07-04T12:23:02Z,2,none,True,False,,0.0017165226163342595,0.07338106632232666,0.9249024391174316,UC9Qu6o04oTf-b2acahQVk1g
66Xg1GkJjdg,Ugyy41M7RWy2DQQPNrR4AaABAg,@lazarolopes417,https://yt3.ggpht.com/ytc/AIdro_mo-jsRfycKzpn1idWp93ugKdKfr7jgko4JLUUm64c=s48-c-k-c0x00ffffff-no-rj,http://www.youtube.com/@lazarolopes417,UCnwJBDL0Tiz3UFm0n2w8NxQ,Dinheiro,2023-07-03T23:36:50Z,2023-07-03T23:36:50Z,0,none,True,False,,0.13624867796897888,0.6757176518440247,0.18803374469280243,UC9Qu6o04oTf-b2acahQVk1g
66Xg1GkJjdg,UgyXRPMbFa6J36oJ-HF4AaABAg,@GilbertoNevesSilva,https://yt3.ggpht.com/ytc/AIdro_nHKGtG6kqJeto6Y_AAFyDwLEBBYfoV9tH0Co_O1tQf6nytWH5bdjJNNXhuwkq6MaahnQ=s48-c-k-c0x00ffffff-no-rj,http://www.youtube.com/@GilbertoNevesSilva,UCbUh_i-5Ic1sIIzm6LJCZXg,Dinheiro,2023-07-03T22:27:47Z,2023-07-03T22:27:47Z,0,none,True,False,,0.13624867796897888,0.6757176518440247,0.18803374469280243,UC9Qu6o04oTf-b2acahQVk1g
66Xg1GkJjdg,UgyMRJQIAaEnEg2_Obp4AaABAg,@isaepoly,https://yt3.ggpht.com/uJEMm6KO5DF6XpIQkngmyfF7abYDsxGpnlYp4P-I4i0I4HKSNtDvOZsr8GZFOgs227GDBJiX=s48-c-k-c0x00ffffff-no-rj,http://www.youtube.com/@isaepoly,UCuLomaxq7CHWt2NdQyJOWow,Dinheiro,2023-07-03T21:48:23Z,2023-07-03T21:48:23Z,0,none,True,False,,0.13624867796897888,0.6757176518440247,0.18803374469280243,UC9Qu6o04oTf-b2acahQVk1g
66Xg1GkJjdg,Ugziiy7FZHG_dAN4foB4AaABAg,@franciscomariana-c2q,https://yt3.ggpht.com/7mycz2K3-KnD4QBNJv1Z6l3nKy3oMfFhXwru0Qfc_BCU8WlM1XPj0sRT8QkveX1DpnS_SVJd=s48-c-k-c0x00ffffff-no-rj,http://www.youtube.com/@franciscomariana-c2q,UChxouMmjMyNwSZHe2GaN0ng,DILHEIRO,2023-07-03T20:25:23Z,2023-07-03T20:25:23Z,0,none,True,False,,0.20900879800319672,0.5980511903762817,0.19294005632400513,UC9Qu6o04oTf-b2acahQVk1g
66Xg1GkJjdg,UgyRo12PFYZMYD8sygt4AaABAg,@100benisio,https://yt3.ggpht.com/ytc/AIdro_kOzcXQzPQ0_U9bwp3Z6BI1wE4WupUo6UbMzN_bmSA_Fic=s48-c-k-c0x00ffffff-no-rj,http://www.youtube.com/@100benisio,UCl9vw4QwI1uC81qiiMHD3qA,dinheiro,2023-07-03T19:59:23Z,2023-07-03T19:59:23Z,0,none,True,False,,0.18252845108509064,0.5991634726524353,0.21830804646015167,UC9Qu6o04oTf-b2acahQVk1g
66Xg1GkJjdg,UgxuGraEYF_Gshle0MR4AaABAg,@SoniaMaria-m9s,https://yt3.ggpht.com/ytc/AIdro_mbdw79JGc5mlEFb4L_fDS_eNfnZ3cB5TODqlDQLt_5YWQ-7_FLklstw7UB2tMe0YfK6w=s48-c-k-c0x00ffffff-no-rj,http://www.youtube.com/@SoniaMaria-m9s,UCmsCTycbnLumtfrwDGKoFsA,Oi,2023-07-03T19:37:05Z,2023-07-03T19:37:05Z,4,none,True,False,,0.2699635922908783,0.5393761396408081,0.190660297870636,UC9Qu6o04oTf-b2acahQVk1g
66Xg1GkJjdg,UgwISYm6yF8IQH0JJul4AaABAg,@Adrianoprestes-c3d,https://yt3.ggpht.com/ytc/AIdro_lImVEFshLCzwKPwsKil_wI44W3fLO5VgHisdM_-Jtm5ZMsPSMXFTRot9-tSU3zW38Ftw=s48-c-k-c0x00ffffff-no-rj,http://www.youtube.com/@Adrianoprestes-c3d,UCVecrverXaMMHeaA8Pf5Bbw,Ita√∫ bando de ti o dinheiro ele vai roubar de ti,2023-07-03T18:49:01Z,2023-07-03T18:49:01Z,0,none,True,False,,0.0990624725818634,0.8397150635719299,0.06122248247265816,UC9Qu6o04oTf-b2acahQVk1g
66Xg1GkJjdg,Ugz-l_yK8fuQHF1vnm14AaABAg,@FefeAlves-sn6cy,https://yt3.ggpht.com/uBF-DFAdVBe5Oue-VJNqrlkY0LMezM79cWf4RAeaZB0iBYjDvyP9oH63GEeLiF7SgCKo1DSq4w=s48-c-k-c0x00ffffff-no-rj,http://www.youtube.com/@FefeAlves-sn6cy,UCMIKSNrBqSViTPb9qSDYZCg,Dimheiloüòä,2023-07-03T17:06:34Z,2023-07-03T17:06:34Z,0,none,True,False,,0.0046355449594557285,0.20877887308597565,0.7865855693817139,UC9Qu6o04oTf-b2acahQVk1g
66Xg1GkJjdg,UgyBw8YYS7BiFbN4naJ4AaABAg,@luzilenecaires,https://yt3.ggpht.com/ytc/AIdro_lDxJM6E-idm3SnDrGSZhhFBZ86cYvNwm709qLUMNfuJ88H4QqPg4TZLcXzk54QlooBwg=s48-c-k-c0x00ffffff-no-rj,http://www.youtube.com/@luzilenecaires,UCviLMiDlyWVw5SKy-nnGXdQ,Dinhero,2023-07-03T14:16:24Z,2023-07-03T14:16:24Z,0,none,True,False,,0.14218631386756897,0.6552625894546509,0.20255114138126373,UC9Qu6o04oTf-b2acahQVk1g
66Xg1GkJjdg,Ugy4TeOg_Jo9-mokuu94AaABAg,@LzinnFF1,https://yt3.ggpht.com/8JQaQ2_eIppH-kw1XMhEwp6qsYNoFgnufHMG7TueI5RIbP0e2QIB3t3m1_ziNHMyPUrTa2wGQA=s48-c-k-c0x00ffffff-no-rj,http://www.youtube.com/@LzinnFF1,UCxEqI56fBZG1EFOiW-2UEbg,Dinheiro,2023-07-03T13:38:33Z,2023-07-03T13:38:33Z,0,none,True,False,,0.13624867796897888,0.6757176518440247,0.18803374469280243,UC9Qu6o04oTf-b2acahQVk1g
66Xg1GkJjdg,Ugz8PId21_pJp0dFhHd4AaABAg,@jackemorenaah8710,https://yt3.ggpht.com/ytc/AIdro_mRE_-jK2uG_346HXRsNiLMRGm-sPXHLeJUexwbF58=s48-c-k-c0x00ffffff-no-rj,http://www.youtube.com/@jackemorenaah8710,UC4amoWrzSmzdO-pRrA_ovKQ,Luizavivi‚ù§üòªüëçü§ôü§ûüë©‚Äçüëß‚Äçüë¶üë©‚Äçüëß‚Äçüëß,2023-07-03T13:19:56Z,2023-07-03T13:19:56Z,0,none,True,False,,0.0019258450483903289,0.16089023649692535,0.8371838927268982,UC9Qu6o04oTf-b2acahQVk1g
66Xg1GkJjdg,UgxN8-rLQaKXMU-gPvd4AaABAg,@DiegoPeres-e6t,https://yt3.ggpht.com/ytc/AIdro_koRtQTuIwjQ4FP3RZVg1uE66PaOdUeqFgH8lWkw-1bt37GjlJuRBJ7yTL7l5mFm3VeNQ=s48-c-k-c0x00ffffff-no-rj,http://www.youtube.com/@DiegoPeres-e6t,UCOUU9tBgQEtenTKoJiWkjBQ,dinheiro,2023-07-03T12:59:55Z,2023-07-03T12:59:55Z,0,none,True,False,,0.18252845108509064,0.5991634726524353,0.21830804646015167,UC9Qu6o04oTf-b2acahQVk1g
66Xg1GkJjdg,UgwSRGTLilcNMK_2U2h4AaABAg,@Ivanetefreitasdossantos,https://yt3.ggpht.com/ytc/AIdro_lsIO0KH93OMfL3PN3kkxTUk7TsNceOYa6t219yVP8ios1EvW8tDuW7p3U0VVLxkXJlUA=s48-c-k-c0x00ffffff-no-rj,http://www.youtube.com/@Ivanetefreitasdossantos,UC2bDZHHI4mj1PcXetlRLicw,üòÇ,2023-07-03T12:12:13Z,2023-07-03T12:12:13Z,2,none,True,False,,0.19379550218582153,0.4771462380886078,0.3290582299232483,UC9Qu6o04oTf-b2acahQVk1g
66Xg1GkJjdg,Ugyf2gCgDOGBr2kjFYB4AaABAg,@YanRibeiro-xr7vh,https://yt3.ggpht.com/gTDme7ik5c6EHHhLvouUjub3P_vbcN_x34R_RZI3p71so8uyqYvcRoB8Nk5isqk_2-9xqMbzrQ=s48-c-k-c0x00ffffff-no-rj,http://www.youtube.com/@YanRibeiro-xr7vh,UCn0XvjiZWQFN2aA821VBZXw,Dinheiro,2023-07-03T11:24:41Z,2023-07-03T11:24:41Z,0,none,True,False,,0.13624867796897888,0.6757176518440247,0.18803374469280243,UC9Qu6o04oTf-b2acahQVk1g
66Xg1GkJjdg,Ugzm5GkTYEaCs_icsLl4AaABAg,@LorranSantos-b5p,https://yt3.ggpht.com/ytc/AIdro_mMCFGLpx-oVhpUD-5nWuGkQGaSnhc77pZDhv7mEa7cxk6UAAgzralettYUi9Lid9Cr3w=s48-c-k-c0x00ffffff-no-rj,http://www.youtube.com/@LorranSantos-b5p,UCXKqMSBtAHPFjlzFcJI7YEA,Dineiro,2023-07-03T10:04:43Z,2023-07-03T10:04:43Z,0,none,True,False,,0.17249847948551178,0.6204932332038879,0.2070082426071167,UC9Qu6o04oTf-b2acahQVk1g
66Xg1GkJjdg,UgxRtK_ufbZFvYSvYy54AaABAg,@carlindodeamorimsantoscarl9524,https://yt3.ggpht.com/0GHKv8JpbCFhV4IlXnYFlNc3G0DanG5mNAgKUBcIJN0usVjF-bO7VQLJ7o-4IQp_MH0P-zCI=s48-c-k-c0x00ffffff-no-rj,http://www.youtube.com/@carlindodeamorimsantoscarl9524,UCrIotL0U0b-N8XRcVECl5RA,#DINHEIRO‚ù§üòÅ,2023-07-03T09:15:19Z,2023-07-03T09:15:19Z,1,none,True,False,,0.0018212945433333516,0.1253984570503235,0.8727802634239197,UC9Qu6o04oTf-b2acahQVk1g
66Xg1GkJjdg,UgwHdnJYsvXQYy3raTZ4AaABAg,@ErickEduardo-v9r,https://yt3.ggpht.com/ytc/AIdro_kJUedU2WqwDpcrsmQAb-qEVpLxsjEuxfEMLyaoJb0l-nhb-fCqU55-F6mWWnxz_ZaYDQ=s48-c-k-c0x00ffffff-no-rj,http://www.youtube.com/@ErickEduardo-v9r,UCZmBeMIVMKMGiz4GNTvqWjA,Dinheiro üòÇüòÇüòÇüòÇüòÇüòÇüòÇüòÇüòÇüòÇ,2023-07-03T07:36:09Z,2023-07-03T07:36:09Z,2,none,True,False,,0.20749427378177643,0.5436679720878601,0.24883776903152466,UC9Qu6o04oTf-b2acahQVk1g
66Xg1GkJjdg,UgxN5hlUEbG2nHc6QCB4AaABAg,@miguelcarapinha5805,https://yt3.ggpht.com/ytc/AIdro_mNJB6galzvTnYawShJKU9TASR7TQy7R165GPIfDGtgTw3ICE6qUNVw7Rqi7mRUqtio2A=s48-c-k-c0x00ffffff-no-rj,http://www.youtube.com/@miguelcarapinha5805,UCI77WZG9XUqngMrmA3Z6chA,Dinheiroooooooooo,2023-07-03T06:43:17Z,2023-07-03T06:43:17Z,0,none,True,False,,0.15218204259872437,0.6743596792221069,0.17345836758613586,UC9Qu6o04oTf-b2acahQVk1g
66Xg1GkJjdg,UgwFhgZyI2t2mQsPjtp4AaABAg,@ygorgamer1415,https://yt3.ggpht.com/ytc/AIdro_kP1jVxaf5Ar9xCMYzv_qSVUzWNAY40CSQgr_FOgF9P=s48-c-k-c0x00ffffff-no-rj,http://www.youtube.com/@ygorgamer1415,UCc6lGBH0B4C8h8jeHWQVwPg,Dinheiro,2023-07-03T03:50:14Z,2023-07-03T03:50:14Z,0,none,True,False,,0.13624867796897888,0.6757176518440247,0.18803374469280243,UC9Qu6o04oTf-b2acahQVk1g
66Xg1GkJjdg,Ugyg6y0Wi_l9LN7YWCJ4AaABAg,@joseartenisiomarquesdutra,https://yt3.ggpht.com/fVIopCs_XychiELmwsiiwdsXiRGS34MGqIqvZZKmpqddM1INUmBEtLv6oYelZP0MR2jWTRh6JoI=s48-c-k-c0x00ffffff-no-rj,http://www.youtube.com/@joseartenisiomarquesdutra,UCpM2rTBt4mp83m2qnCO9Jpg,Dinheiro,2023-07-03T01:34:01Z,2023-07-03T01:34:01Z,0,none,True,False,,0.13624867796897888,0.6757176518440247,0.18803374469280243,UC9Qu6o04oTf-b2acahQVk1g
66Xg1GkJjdg,UgzmD34uBJVCzEKR9Cx4AaABAg,@TauanCarvalho-k6e,https://yt3.ggpht.com/ytc/AIdro_nU2YD2Z--lTM_gdrvauZL95c14lMizI3TCYnoHVH-z3cvFi5RKknXfib9wghzEocwihg=s48-c-k-c0x00ffffff-no-rj,http://www.youtube.com/@TauanCarvalho-k6e,UCc6kxEJ0o9N6mlSiubsUvww,Dinheiro,2023-07-03T01:24:46Z,2023-07-03T01:24:46Z,0,none,True,False,,0.13624867796897888,0.6757176518440247,0.18803374469280243,UC9Qu6o04oTf-b2acahQVk1g
66Xg1GkJjdg,UgyopHV-dlG7dheh0gl4AaABAg,@JuniorJos√©-f7i,https://yt3.ggpht.com/fjuTO4nHj1J5VmOWHeRKkfF04zzn_AB9gKCcr2Qny-6Ow6ZtP66UGO6oKztiQGuCZ2xtd8uT9TQ=s48-c-k-c0x00ffffff-no-rj,http://www.youtube.com/@JuniorJos%C3%A9-f7i,UChymFWHZnF3XFwxCiczv9Fw,Dinheiro,2023-07-03T01:02:47Z,2023-07-03T01:02:47Z,0,none,True,False,,0.13624867796897888,0.6757176518440247,0.18803374469280243,UC9Qu6o04oTf-b2acahQVk1g
66Xg1GkJjdg,UgzrxVLv6W6SPaoKouZ4AaABAg,@keisasilvachagas-ew6mq,https://yt3.ggpht.com/ytc/AIdro_n3Xx1mvCz_szHdpA0RIWCc5V_SU_8pU0mTDoG0t2ChO9BdC1UxtAQdNr99K6YVG_TEcg=s48-c-k-c0x00ffffff-no-rj,http://www.youtube.com/@keisasilvachagas-ew6mq,UCCa7aya8dxcrw7q1m3SxMrA,Didinhenheiro,2023-07-03T00:29:10Z,2023-07-03T00:29:10Z,0,none,True,False,,0.11805607378482819,0.7286242246627808,0.15331967175006866,UC9Qu6o04oTf-b2acahQVk1g
66Xg1GkJjdg,UgzbtRdnHF6Gff_smZt4AaABAg,@LeonardoOliver-zc1ou,https://yt3.ggpht.com/ytc/AIdro_nxMusYOshjCAeD1E5cB-v8_HTbCHBiZVsl7OXhGTyxmWSWQ5RBwYvERFVkc_fUGtejGA=s48-c-k-c0x00ffffff-no-rj,http://www.youtube.com/@LeonardoOliver-zc1ou,UCd8yHx1YV-cs8THYNB9_J-Q,Dinheiro,2023-07-03T00:23:42Z,2023-07-03T00:23:42Z,0,none,True,False,,0.13624867796897888,0.6757176518440247,0.18803374469280243,UC9Qu6o04oTf-b2acahQVk1g
66Xg1GkJjdg,UgwVADes2adaQhiWnZp4AaABAg,@AlexsandroSouza-q6n,https://yt3.ggpht.com/xBSq-1lifkHPe6IZGH_ynEyaVdQi-rElikVEAg36gcF6UZ76IR6xwSkSR1edmCcIZKOcYwt9vw=s48-c-k-c0x00ffffff-no-rj,http://www.youtube.com/@AlexsandroSouza-q6n,UC1cJK64Q5F8-VcyJOYqFbHw,Dinheiro,2023-07-03T00:17:39Z,2023-07-03T00:17:39Z,0,none,True,False,,0.13624867796897888,0.6757176518440247,0.18803374469280243,UC9Qu6o04oTf-b2acahQVk1g
66Xg1GkJjdg,UgwXmjXdJ6evk0795Zp4AaABAg,@MoisesSanto-io9tb,https://yt3.ggpht.com/ytc/AIdro_mNEAv5MPjwUYT_oMN-I_oKxZXRDcwTzQ5m2dLC8BLZIN_r2XL_arB8rM0NkGGWBLQJXQ=s48-c-k-c0x00ffffff-no-rj,http://www.youtube.com/@MoisesSanto-io9tb,UCfg0vohNpYPM-H9Bx1RCL1Q,DINHEIRO,2023-07-02T23:44:36Z,2023-07-02T23:44:36Z,0,none,True,False,,0.19549159705638885,0.5876786708831787,0.21682970225811005,UC9Qu6o04oTf-b2acahQVk1g
66Xg1GkJjdg,UgwHvl0K90RItfuwb7V4AaABAg,@AnaPaula-cw7jt,https://yt3.ggpht.com/ytc/AIdro_nAh_0DOzw8dTnZOFotb4lu6IWkcWG_lU0kz8uXQ20=s48-c-k-c0x00ffffff-no-rj,http://www.youtube.com/@AnaPaula-cw7jt,UCx28JsJHLQIZEg2HkliJI6A,Dinheiro,2023-07-02T23:43:20Z,2023-07-02T23:43:20Z,0,none,True,False,,0.13624867796897888,0.6757176518440247,0.18803374469280243,UC9Qu6o04oTf-b2acahQVk1g
66Xg1GkJjdg,UgwXByVQH9qJVL7ioLB4AaABAg,@stefhaniesilva966,https://yt3.ggpht.com/ytc/AIdro_mhpdt52gf-ewuMICMSpf58jqqKXetktX-rAgmJkXZktJrVu4vDkBYngfAtIfmb6uJy3w=s48-c-k-c0x00ffffff-no-rj,http://www.youtube.com/@stefhaniesilva966,UCtIoCLzewLvYWYpCePH2HeQ,DINHIEIRO,2023-07-02T23:13:04Z,2023-07-02T23:13:04Z,1,none,True,False,,0.16434289515018463,0.6436465382575989,0.1920105367898941,UC9Qu6o04oTf-b2acahQVk1g
66Xg1GkJjdg,UgxjClTlz8ax3Z2f52F4AaABAg,@mariadefatimaribeiro3651,https://yt3.ggpht.com/ytc/AIdro_kSnFQ_wuMRd3xz_9wVL4Gx-hLPnflGQAH0Pt-oVN4=s48-c-k-c0x00ffffff-no-rj,http://www.youtube.com/@mariadefatimaribeiro3651,UC5kUnZ1kQCZLHLbzk83489A,Dinheiro,2023-07-02T22:37:53Z,2023-07-02T22:37:53Z,0,none,True,False,,0.13624867796897888,0.6757176518440247,0.18803374469280243,UC9Qu6o04oTf-b2acahQVk1g
66Xg1GkJjdg,Ugz5GwP84Udh1SXUtJV4AaABAg,@vitorv√°riosmundos,https://yt3.ggpht.com/nRpboRO9u6qbtRNncQjQvUEHjXF8HY-kOVtIRc6gIhQAU3ZIk0YDRdm4U9IjV4HB05iV0hpJInU=s48-c-k-c0x00ffffff-no-rj,http://www.youtube.com/@vitorv%C3%A1riosmundos,UCFfwl6DkcRr-CMkXA49-cQw,DINHEIRO,2023-07-02T22:33:02Z,2023-07-02T22:33:02Z,0,none,True,False,,0.19549159705638885,0.5876786708831787,0.21682970225811005,UC9Qu6o04oTf-b2acahQVk1g
66Xg1GkJjdg,UgxR8_tvuaVwmLjyOVh4AaABAg,@MatheusFelipe-u5x,https://yt3.ggpht.com/ytc/AIdro_nO5_AnrR5wC3yikrkeRVMEqqK2JYLnvMQub5cKxd-mCQNDacSpJv5wGRkTMh4pgO6TqQ=s48-c-k-c0x00ffffff-no-rj,http://www.youtube.com/@MatheusFelipe-u5x,UC4Jqt_oYwbDgQvrsNqCqItg,DINHEIRO,2023-07-02T22:32:28Z,2023-07-02T22:32:28Z,0,none,True,False,,0.19549159705638885,0.5876786708831787,0.21682970225811005,UC9Qu6o04oTf-b2acahQVk1g
66Xg1GkJjdg,UgwuZBY9Xqx7-FbP1pR4AaABAg,@pedrohenriquesilva611,https://yt3.ggpht.com/ytc/AIdro_mymR-MbSZiXcxemf76BWkS2_J1h-FgBePsVD9r7FjOXZDjU4qX1ONi8S2eqHfN6i8s0w=s48-c-k-c0x00ffffff-no-rj,http://www.youtube.com/@pedrohenriquesilva611,UCaKa0oYhO4D74vJemjG_BzQ,DINHEIRO,2023-07-02T22:30:14Z,2023-07-02T22:30:14Z,0,none,True,False,,0.19549159705638885,0.5876786708831787,0.21682970225811005,UC9Qu6o04oTf-b2acahQVk1g
66Xg1GkJjdg,Ugyvrg7aRIUf2-4AQ7J4AaABAg,@julianapereiradasilva5062,https://yt3.ggpht.com/_MPcQ82o9khBzHCTcW2x_eRiYGEGj-_-XvsgA6lXGt-b1JSRyKKuFgbzWGvSF2JzEz-7HBYWKw=s48-c-k-c0x00ffffff-no-rj,http://www.youtube.com/@julianapereiradasilva5062,UCKtrxHQeoL4wwRuBetoMQZQ,DIAERO,2023-07-02T22:30:11Z,2023-07-02T22:30:11Z,0,none,True,False,,0.23074179887771606,0.5997718572616577,0.16948635876178741,UC9Qu6o04oTf-b2acahQVk1g
66Xg1GkJjdg,UgwBfRhLklWz06fj27x4AaABAg,@hiltohippler7842,https://yt3.ggpht.com/ytc/AIdro_nNERHurPjcNGHO7BSfKwQoSACqbAEeKraijt6ZiUA=s48-c-k-c0x00ffffff-no-rj,http://www.youtube.com/@hiltohippler7842,UCTLcS74X8ppZ47zeWLMzHqw,Eu tamb√©m sou inscrito e f√° de vcs 2 dois e tamb√©m queria participar de um v√≠deo de vcs,2023-07-02T22:26:02Z,2023-07-02T22:26:02Z,2,none,True,False,,0.05760817602276802,0.8599933385848999,0.08239845186471939,UC9Qu6o04oTf-b2acahQVk1g
66Xg1GkJjdg,UgwMSxtHEwspJUyZRZp4AaABAg,@hiltohippler7842,https://yt3.ggpht.com/ytc/AIdro_nNERHurPjcNGHO7BSfKwQoSACqbAEeKraijt6ZiUA=s48-c-k-c0x00ffffff-no-rj,http://www.youtube.com/@hiltohippler7842,UCTLcS74X8ppZ47zeWLMzHqw,Dinheiro,2023-07-02T22:22:04Z,2023-07-02T22:22:04Z,0,none,True,False,,0.13624867796897888,0.6757176518440247,0.18803374469280243,UC9Qu6o04oTf-b2acahQVk1g
66Xg1GkJjdg,UgyRkK4mhRM4sktGl9F4AaABAg,@psilvadasilva1548,https://yt3.ggpht.com/R3QQu1LAuxpGOIfjiHzE1nN6oX1pndBEnqq93jFYR9gILCyDILKHDzIVlHXNTmPVATyfFEDKZA=s48-c-k-c0x00ffffff-no-rj,http://www.youtube.com/@psilvadasilva1548,UCqTTv40MeHQPPSp1NWiA4Yg,dinheiro üéâüéâüéâüéâüéâüéâ,2023-07-02T21:43:30Z,2023-07-02T21:43:30Z,1,none,True,False,,0.00140662700869143,0.05152060464024544,0.9470727443695068,UC9Qu6o04oTf-b2acahQVk1g
66Xg1GkJjdg,UgxsnXR0CEkdSgIDNVV4AaABAg,@psilvadasilva1548,https://yt3.ggpht.com/R3QQu1LAuxpGOIfjiHzE1nN6oX1pndBEnqq93jFYR9gILCyDILKHDzIVlHXNTmPVATyfFEDKZA=s48-c-k-c0x00ffffff-no-rj,http://www.youtube.com/@psilvadasilva1548,UCqTTv40MeHQPPSp1NWiA4Yg,"Dinheiro
üòÖüòÖüòä",2023-07-02T21:42:35Z,2023-07-02T21:42:35Z,2,none,True,False,,0.003278011456131935,0.08845065534114838,0.9082713723182678,UC9Qu6o04oTf-b2acahQVk1g
66Xg1GkJjdg,UgyBr82cEx08gx6ZcFF4AaABAg,@DeusaAraujo-h7l,https://yt3.ggpht.com/ytc/AIdro_kjND8U1TiPEw_nk7wHVRzjEfaU_vW2mZ6uU0PTBL6yiuvUWRvQQNsfIOn_RS_2JkLdcA=s48-c-k-c0x00ffffff-no-rj,http://www.youtube.com/@DeusaAraujo-h7l,UCNaNDrMF-Hr1DpHR7V_mfvg,mesmo e da o dinheiro,2023-07-02T21:25:03Z,2023-07-02T21:25:03Z,1,none,True,False,,0.14045393466949463,0.7024485468864441,0.15709756314754486,UC9Qu6o04oTf-b2acahQVk1g
66Xg1GkJjdg,UgzFOBywCDOxm0HNPFF4AaABAg,@fefareal3245,https://yt3.ggpht.com/ytc/AIdro_mgyucuqpM3aimn2MSTF5zfqfQ7Uf9aEARi-RwICfE=s48-c-k-c0x00ffffff-no-rj,http://www.youtube.com/@fefareal3245,UCnID-VQlUp45GfEo4neAJmQ,Eu amo os seus v√≠deos,2023-07-02T21:00:43Z,2023-07-02T21:00:43Z,7,none,True,False,,0.09342033416032791,0.7761471271514893,0.1304326057434082,UC9Qu6o04oTf-b2acahQVk1g
66Xg1GkJjdg,UgzkpfgtMTw0m_EMOt14AaABAg,@hernanirachid1176,https://yt3.ggpht.com/qeO3jWTNS_AIXuevo-5bM2bw3snuXTGiXNa3t7n_MwRQia4fseVyfnzFLeMOVrjSNeBUS41xZg=s48-c-k-c0x00ffffff-no-rj,http://www.youtube.com/@hernanirachid1176,UCe42W1OgzO4BQ3Q7db8ztlw,Dinheiro,2023-07-02T20:46:59Z,2023-07-02T20:46:59Z,1,none,True,False,,0.13624867796897888,0.6757176518440247,0.18803374469280243,UC9Qu6o04oTf-b2acahQVk1g
66Xg1GkJjdg,UgwSnATRZAp0z5C5Mqd4AaABAg,@CauaRodrigues-zz2yf,https://yt3.ggpht.com/ytc/AIdro_mIwmOWixO3beIzPS1KrkOcL7bCtFf4JjSrxK3XBh3w8AGlMUaGWuQGy0UKisQHftHW9Q=s48-c-k-c0x00ffffff-no-rj,http://www.youtube.com/@CauaRodrigues-zz2yf,UCQgLULxJKgYeL9UJBQPdFgg,Dinheiro,2023-07-02T20:45:28Z,2023-07-02T20:45:28Z,1,none,True,False,,0.13624867796897888,0.6757176518440247,0.18803374469280243,UC9Qu6o04oTf-b2acahQVk1g
66Xg1GkJjdg,UgxhYg1B9epO989_A5Z4AaABAg,@TiagorenatoLopes,https://yt3.ggpht.com/ytc/AIdro_lobEygh6O_Bjl7h7mr4MTRESHAyLTBfmIrqCBX7xUBostd5FaRyhFqYGRxUGQnwchWjQ=s48-c-k-c0x00ffffff-no-rj,http://www.youtube.com/@TiagorenatoLopes,UCXXEXG5PdMMj4R4U5ULWLzA,"Dinheiro
‚ù§üòÇüòÇüòä",2023-07-02T20:23:00Z,2023-07-02T20:23:00Z,3,none,True,False,,0.0025599179789423943,0.10399794578552246,0.8934421539306641,UC9Qu6o04oTf-b2acahQVk1g
66Xg1GkJjdg,UgyXwFf-xDF82IR9LBZ4AaABAg,@fabiolapitta6042,https://yt3.ggpht.com/eW56y7sZwimAsMI0J0Jwh-78RurXNIocN4fa3meaVXbDN0iwYdk02ZuWfmTU2otm6P4RY2u0=s48-c-k-c0x00ffffff-no-rj,http://www.youtube.com/@fabiolapitta6042,UCa-Rp5oghjMuNE3xJz-gZIQ,dieiro,2023-07-02T20:03:39Z,2023-07-02T20:03:39Z,2,none,True,False,,0.2037973552942276,0.5671579241752625,0.22904470562934875,UC9Qu6o04oTf-b2acahQVk1g
66Xg1GkJjdg,UgxrWIEeapRJs2eMwIp4AaABAg,@marcianascimentodasilva418,https://yt3.ggpht.com/sE9Zs60wYqFv6BfXB6yo9n5dOcUodQvRLd0qCidcL6ZT2WW8DP19KADiHg3CV21jreGXOMODVQ=s48-c-k-c0x00ffffff-no-rj,http://www.youtube.com/@marcianascimentodasilva418,UCWkAyWLD1IlXgEICKtqK_dg,Dinherküòä,2023-07-02T19:57:52Z,2023-07-02T19:57:52Z,1,none,True,False,,0.0038615730591118336,0.20889273285865784,0.7872456908226013,UC9Qu6o04oTf-b2acahQVk1g
66Xg1GkJjdg,UgxmVbGBCMBaWU61v214AaABAg,@fabriciosiqueira3153,https://yt3.ggpht.com/ytc/AIdro_kcXEOu6k8h4vhd7TDiBQEyGlFlZxCRHzbQX8RkSVGKqSDE8MJMACx0THsWFFcXjtrIGA=s48-c-k-c0x00ffffff-no-rj,http://www.youtube.com/@fabriciosiqueira3153,UCDjniRDONKMXmeYzkkhzDOQ,Dinheiro,2023-07-02T19:48:31Z,2023-07-02T19:48:31Z,1,none,True,False,,0.13624867796897888,0.6757176518440247,0.18803374469280243,UC9Qu6o04oTf-b2acahQVk1g
66Xg1GkJjdg,Ugz18OdsMGcLvkwK9IV4AaABAg,@Noor491Gustavo,https://yt3.ggpht.com/2EBXZTJTs1MJlRECdAtwynJS-Hzoy4ZuiPPewyeFiVVX_Ban8WBxVISFhmhXE9mPLLpSr7gb5FA=s48-c-k-c0x00ffffff-no-rj,http://www.youtube.com/@Noor491Gustavo,UCTdQckqt26h_eMqf492Hstw,Dinheiro,2023-07-02T19:34:56Z,2023-07-02T19:34:56Z,1,none,True,False,,0.13624867796897888,0.6757176518440247,0.18803374469280243,UC9Qu6o04oTf-b2acahQVk1g
66Xg1GkJjdg,UgxJHMcGjhDTa791LTV4AaABAg,@simaojo7714,https://yt3.ggpht.com/iRh4NxZB7AjjVsS6MIpIGBc1Y4-bQzbN33LtT_EnaVn1jovYs2zdFluGn1YkcDI3TeV9gs8uHqM=s48-c-k-c0x00ffffff-no-rj,http://www.youtube.com/@simaojo7714,UCXhDrj0DfI36RrPkVbV53WA,Dinheiro,2023-07-02T19:08:25Z,2023-07-02T19:08:25Z,1,none,True,False,,0.13624867796897888,0.6757176518440247,0.18803374469280243,UC9Qu6o04oTf-b2acahQVk1g
66Xg1GkJjdg,Ugwbq5ex0riAlmIYq-14AaABAg,@silass467,https://yt3.ggpht.com/oord_gaecrx1i67XqYA3BzQmFyc4Sn7B0V8XWrqvzFasLJHNGgShndNYaBbOukjxOY4Z-X9nXQ=s48-c-k-c0x00ffffff-no-rj,http://www.youtube.com/@silass467,UCLpRLl08K7_BTXCanzDp3ZQ,Dinheiro,2023-07-02T19:06:37Z,2023-07-02T19:06:37Z,2,none,True,False,,0.13624867796897888,0.6757176518440247,0.18803374469280243,UC9Qu6o04oTf-b2acahQVk1g
66Xg1GkJjdg,Ugyi99-giAZzKqSKvqd4AaABAg,@jefersonsantosdeoliveira190,https://yt3.ggpht.com/ytc/AIdro_nnIRUmuuO6W_tIk9D-YmL6t0uNruYgC8TeTjvYqXKl6c9FXiAP47jKyuLrHos6hE_DZw=s48-c-k-c0x00ffffff-no-rj,http://www.youtube.com/@jefersonsantosdeoliveira190,UCqeofuC6k8w9LviAZjGIJjg,Dinheiroüí∞,2023-07-02T19:02:52Z,2023-07-02T19:02:52Z,2,none,True,False,,0.03681035339832306,0.6296979188919067,0.3334917724132538,UC9Qu6o04oTf-b2acahQVk1g
66Xg1GkJjdg,UgxCMVmVdS6_0ahoEtF4AaABAg,@Sophia-zd3wt,https://yt3.ggpht.com/MXMCzrs95Dng9FVIq5liSaWcf76uK86Tk_v5fkr6paevBMqwb-lSYfMDuzjpgkfiyuovMiS9xLA=s48-c-k-c0x00ffffff-no-rj,http://www.youtube.com/@Sophia-zd3wt,UC0xrBlq2f46425Xl1fcirLQ,Dinheiro,2023-07-02T19:00:35Z,2023-07-02T19:00:35Z,1,none,True,False,,0.13624867796897888,0.6757176518440247,0.18803374469280243,UC9Qu6o04oTf-b2acahQVk1g
66Xg1GkJjdg,UgzsTcWej5fzlxjzktF4AaABAg,@Sophia-zd3wt,https://yt3.ggpht.com/MXMCzrs95Dng9FVIq5liSaWcf76uK86Tk_v5fkr6paevBMqwb-lSYfMDuzjpgkfiyuovMiS9xLA=s48-c-k-c0x00ffffff-no-rj,http://www.youtube.com/@Sophia-zd3wt,UC0xrBlq2f46425Xl1fcirLQ,Desculpa eu estou atrasada vcs me perdoam?  Por favor eu assisto agora,2023-07-02T18:48:22Z,2023-07-02T18:48:22Z,2,none,True,False,,0.09934137016534805,0.8135434985160828,0.08711518347263336,UC9Qu6o04oTf-b2acahQVk1g
66Xg1GkJjdg,UgxyNndHArWNKNig6lZ4AaABAg,@MrHenrique803,https://yt3.ggpht.com/ytc/AIdro_kODyLBy2FRh56bBgpxxJ8lfEcMUHHm1mnvNz5BFVGlQYGv=s48-c-k-c0x00ffffff-no-rj,http://www.youtube.com/@MrHenrique803,UC5pwekdy362UhKkefhDumdg,Eu queria ver o rosto do HACKER,2023-07-02T18:36:28Z,2023-07-02T18:36:28Z,1,none,True,False,,0.15394826233386993,0.8065048456192017,0.039546795189380646,UC9Qu6o04oTf-b2acahQVk1g
66Xg1GkJjdg,Ugx_jZcE1NfAPp9NZL54AaABAg,@GalegoHenrique-b3g,https://yt3.ggpht.com/ytc/AIdro_kxKcpAmpqAzVRKeqXCsdk805Gr1kk3WYIoMGQ2-1v8z1r3YeMOa9PsH8iPqbDD5joqcA=s48-c-k-c0x00ffffff-no-rj,http://www.youtube.com/@GalegoHenrique-b3g,UC_3KE6M5b1U3Smkt4juMJFQ,Dinheiro,2023-07-02T18:21:52Z,2023-07-02T18:21:52Z,2,none,True,False,,0.13624867796897888,0.6757176518440247,0.18803374469280243,UC9Qu6o04oTf-b2acahQVk1g
66Xg1GkJjdg,UgxrAviTdFVJ_mF9ljV4AaABAg,@josepaulo-by1fe,https://yt3.ggpht.com/ytc/AIdro_mamrztXZqZmBmTAL8rzsT4pWEYa-fktAb83AjkUfWpehOPFLb2TzVWL2ITuPij5KvSkQ=s48-c-k-c0x00ffffff-no-rj,http://www.youtube.com/@josepaulo-by1fe,UCsYQvPsugMqca_9gc6hL5_Q,Dinheiro,2023-07-02T17:46:32Z,2023-07-02T17:46:32Z,1,none,True,False,,0.13624867796897888,0.6757176518440247,0.18803374469280243,UC9Qu6o04oTf-b2acahQVk1g
66Xg1GkJjdg,Ugw2SFwmBJmhvoAOYZh4AaABAg,@geovannavirginia9890,https://yt3.ggpht.com/ytc/AIdro_liOvHtY9m7Jg2OYNSkQpFT6uXaN-_1-3VTuZ4Psql62gu_MfkkEiW7iUW9nHwIeCEOCw=s48-c-k-c0x00ffffff-no-rj,http://www.youtube.com/@geovannavirginia9890,UCfZaOTAnilqVlVKgz6WaXFQ,dinheiroü§ë,2023-07-02T17:32:38Z,2023-07-02T17:32:38Z,2,none,True,False,,0.044112805277109146,0.6055587530136108,0.3503284752368927,UC9Qu6o04oTf-b2acahQVk1g
66Xg1GkJjdg,Ugxw8_VgS57dyQUqjfR4AaABAg,@mariaeduardaleal6317,https://yt3.ggpht.com/ytc/AIdro_mU1fmx08vAjoi7Hjfg8gDNdV-dKHoF79vCUBe-uY727FE=s48-c-k-c0x00ffffff-no-rj,http://www.youtube.com/@mariaeduardaleal6317,UCLSI4d085SxIjtep62AVocA,dinheiro,2023-07-02T17:27:52Z,2023-07-02T17:27:52Z,0,none,True,False,,0.18252845108509064,0.5991634726524353,0.21830804646015167,UC9Qu6o04oTf-b2acahQVk1g
66Xg1GkJjdg,UgxCZo5vejDCCuPLRMx4AaABAg,@lucaantunes3401,https://yt3.ggpht.com/ytc/AIdro_kGbzuHsf8CGdiFeKVM3TKi9r4JmymtqTsx0WMjsLQvZuItYdhl3_7MMdXoz9-I9Xxg9g=s48-c-k-c0x00ffffff-no-rj,http://www.youtube.com/@lucaantunes3401,UCqzVNffc61oG5EQBVDsAkvg,Dinheiro,2023-07-02T17:15:33Z,2023-07-02T17:15:33Z,2,none,True,False,,0.13624867796897888,0.6757176518440247,0.18803374469280243,UC9Qu6o04oTf-b2acahQVk1g
66Xg1GkJjdg,UgwQd3RyCsck472aVhl4AaABAg,@Rosa-u8k1e,https://yt3.ggpht.com/ytc/AIdro_lp9OQ-_ykMGuXZ9KrcKyPSm9kA9vB9cMF5T5UXie-0OmMMmgygTjG1BuATiGxiSrkuCQ=s48-c-k-c0x00ffffff-no-rj,http://www.youtube.com/@Rosa-u8k1e,UCWs6nF0dhuE3KIETMyLHx2w,Dinheiro,2023-07-02T17:14:19Z,2023-07-02T17:14:19Z,1,none,True,False,,0.13624867796897888,0.6757176518440247,0.18803374469280243,UC9Qu6o04oTf-b2acahQVk1g
66Xg1GkJjdg,UgxXpmM8zKTuwfL1lrR4AaABAg,@BrunaRocha-e1q,https://yt3.ggpht.com/ytc/AIdro_ncWjF6ELdgcuIjcujQyuEZTAeeGPZ80mMWsDh6pOqDtSqYtvfyOWPvp61gMoyzrzthrw=s48-c-k-c0x00ffffff-no-rj,http://www.youtube.com/@BrunaRocha-e1q,UCVqDjeXtu4gxG46fjEobQKg,Dinheiro,2023-07-02T17:13:23Z,2023-07-02T17:13:23Z,1,none,True,False,,0.13624867796897888,0.6757176518440247,0.18803374469280243,UC9Qu6o04oTf-b2acahQVk1g
66Xg1GkJjdg,UgxXpmM8zKTuwfL1lrR4AaABAg.9rfV8V2WUFQ9rg1fwy1B_n,@miraildessantos4373,https://yt3.ggpht.com/ytc/AIdro_kf6QbvvkGqSm_FIb7aP2u3w5j4dSEZ3bcrwS3XRaA=s48-c-k-c0x00ffffff-no-rj,http://www.youtube.com/@miraildessantos4373,UCYR-q8gVVVmqZD-2dxOeDjQ,‚ù§,2023-07-02T22:15:11Z,2023-07-02T22:15:11Z,1,none,True,True,UgxXpmM8zKTuwfL1lrR4AaABAg,,,,UC9Qu6o04oTf-b2acahQVk1g
66Xg1GkJjdg,UgxXpmM8zKTuwfL1lrR4AaABAg.9rfV8V2WUFQ9rg1i-5R8TQ,@miraildessantos4373,https://yt3.ggpht.com/ytc/AIdro_kf6QbvvkGqSm_FIb7aP2u3w5j4dSEZ3bcrwS3XRaA=s48-c-k-c0x00ffffff-no-rj,http://www.youtube.com/@miraildessantos4373,UCYR-q8gVVVmqZD-2dxOeDjQ,P,2023-07-02T22:15:27Z,2023-07-02T22:15:27Z,1,none,True,True,UgxXpmM8zKTuwfL1lrR4AaABAg,,,,UC9Qu6o04oTf-b2acahQVk1g
66Xg1GkJjdg,Ugy0Rw7vXdmR5ldfPw14AaABAg,@ryancamargotoysgames4996,https://yt3.ggpht.com/vHtgDfXHWWofEMVcQ4bHIZXTwtSuCmyhAwx-t22hBcWjisY7EaV7cyznLXBPYOZwSCIdU2H_dw=s48-c-k-c0x00ffffff-no-rj,http://www.youtube.com/@ryancamargotoysgames4996,UCXXf45-s0TEKJ3pyrUgh1-g,*Dinheiro*,2023-07-02T17:13:19Z,2023-07-02T17:13:58Z,0,none,True,False,,0.08823656290769577,0.7845281958580017,0.12723517417907715,UC9Qu6o04oTf-b2acahQVk1g
66Xg1GkJjdg,UgwvsX9yK1ipPZeUTRB4AaABAg,@laraparadela6316,https://yt3.ggpht.com/26eji3XSreT_j3sO-0whOITrRqRxU6Eb6tNrc5RwDLTsvTjPm8eVO2u_53pw6h_Z8XtmaJ_UbQ=s48-c-k-c0x00ffffff-no-rj,http://www.youtube.com/@laraparadela6316,UCFbTSmcbcEDgXi-JX0nfW1A,Dinheiro üíµüí≤üí∞,2023-07-02T17:12:34Z,2023-07-02T17:12:34Z,3,none,True,False,,0.09780466556549072,0.7608792185783386,0.14131613075733185,UC9Qu6o04oTf-b2acahQVk1g
66Xg1GkJjdg,UgzuELYbt5cZYHnZjPp4AaABAg,@roninsilva6511,https://yt3.ggpht.com/h7wJ4ROzJ6UQk_ZPIQl3gdGUdWZqLSLQxNeHBW0mJHhn1Vtle89s2JsQgHMwZvYxbiuCsLUoxpQ=s48-c-k-c0x00ffffff-no-rj,http://www.youtube.com/@roninsilva6511,UCjGldiJk8w5Iz-oZi_FIMYQ,Dinheiro,2023-07-02T16:58:35Z,2023-07-02T16:58:35Z,0,none,True,False,,0.13624867796897888,0.6757176518440247,0.18803374469280243,UC9Qu6o04oTf-b2acahQVk1g
66Xg1GkJjdg,Ugztakvs_pQsvdP4sDF4AaABAg,@DIAZZ_TV,https://yt3.ggpht.com/EoPMldrRPWuQpTi1roxpPJdP2cPjUQp1jW2-k6EVz3U5n1zKak72yZJQq9fJho9VrHzvUYYh6_o=s48-c-k-c0x00ffffff-no-rj,http://www.youtube.com/@DIAZZ_TV,UC8DOSFxfNWqG5Qk1t5TYHrQ,DINHEIRO,2023-07-02T16:55:39Z,2023-07-02T16:55:39Z,1,none,True,False,,0.19549159705638885,0.5876786708831787,0.21682970225811005,UC9Qu6o04oTf-b2acahQVk1g
66Xg1GkJjdg,UgxalzjzdwNj6pRISHd4AaABAg,@MiriamGuimar√£es-f1f,https://yt3.ggpht.com/ytc/AIdro_nZa2L5tvX7AvSd4Ge5CNES4grhI0iSwAR0FOEKVgy-ONyNf84-qq6U12ADeVbgPcot_Q=s48-c-k-c0x00ffffff-no-rj,http://www.youtube.com/@MiriamGuimar%C3%A3es-f1f,UCrPh5U1L5Mo-TGaOFNPmwmQ,Dinheiro,2023-07-02T16:38:20Z,2023-07-02T16:38:20Z,0,none,True,False,,0.13624867796897888,0.6757176518440247,0.18803374469280243,UC9Qu6o04oTf-b2acahQVk1g
66Xg1GkJjdg,UgxW-WL0HPiTWhMr59Z4AaABAg,@Patr√≠ciaOrles,https://yt3.ggpht.com/rDSeXfH4zKAu5tjLgFBkN98nSA-GMazxMARVq0chpzQ6ATKYoUULgNeP0fSpU2-zn0y4wGxl7g=s48-c-k-c0x00ffffff-no-rj,http://www.youtube.com/@Patr%C3%ADciaOrles,UCwooS0jPtz82OE3gR8fH0Jg,Dinheiro,2023-07-02T16:37:57Z,2023-07-02T16:37:57Z,0,none,True,False,,0.13624867796897888,0.6757176518440247,0.18803374469280243,UC9Qu6o04oTf-b2acahQVk1g
66Xg1GkJjdg,UgzD3OKm50nRYZMXwqR4AaABAg,@Athos_p_,https://yt3.ggpht.com/V2dqrVxMDSbhYi3BHjSOMmtKjWG05gw9qH14rie11XhK7UtzauRR9FR9NLpfLGleLNB6cdJa-g=s48-c-k-c0x00ffffff-no-rj,http://www.youtube.com/@Athos_p_,UC6enFSK0bOSzQjOhFoA1WPA,DinheiroüòêüòëüòëüòëüòëüôÑüôÑüôÑüôÑüôÑ,2023-07-02T16:37:45Z,2023-07-02T16:37:45Z,1,none,True,False,,0.8989142179489136,0.09327559173107147,0.0078102038241922855,UC9Qu6o04oTf-b2acahQVk1g
66Xg1GkJjdg,Ugy7Rv1dpb6s8BUJEeR4AaABAg,@iranildasilva8171,https://yt3.ggpht.com/_i5s7BZse1mqmBK9aSBo6-3yPcJeMzSl_woeQXtj0oud5ig8tO0wsTzWVyY9cqgF-9k5Nji5=s48-c-k-c0x00ffffff-no-rj,http://www.youtube.com/@iranildasilva8171,UCsSYU7breI09tEYAPwC3itQ,DINHEIRO,2023-07-02T16:30:37Z,2023-07-02T16:30:37Z,2,none,True,False,,0.19549159705638885,0.5876786708831787,0.21682970225811005,UC9Qu6o04oTf-b2acahQVk1g
66Xg1GkJjdg,UgwkCbUvN5LIKopIVpV4AaABAg,@artedocrochebm,https://yt3.ggpht.com/1n0aKN59wREhEPGye6N5M6lyttHtfuzIWLNK3ubpZCE3eeTk1pHVEhJIE1MN9nW2y-zh9zW4jQ=s48-c-k-c0x00ffffff-no-rj,http://www.youtube.com/@artedocrochebm,UCFXE6JS69Y-MZt7NffJISSw,Dinheiro ‚ù§,2023-07-02T16:28:38Z,2023-07-02T16:28:38Z,2,none,True,False,,0.003059450536966324,0.13846087455749512,0.8584796190261841,UC9Qu6o04oTf-b2acahQVk1g
66Xg1GkJjdg,UgzBB47X-pcJcbPW_nB4AaABAg,@henriquekauan6510,https://yt3.ggpht.com/ytc/AIdro_lDTi6vn2Sb7TEVfTXB9dpbc6qr1bxxuywD57g3JfM=s48-c-k-c0x00ffffff-no-rj,http://www.youtube.com/@henriquekauan6510,UCPH0WgEAp017fj0OAjIXiWw,Dinheiro,2023-07-02T16:14:31Z,2023-07-02T16:14:31Z,1,none,True,False,,0.13624867796897888,0.6757176518440247,0.18803374469280243,UC9Qu6o04oTf-b2acahQVk1g
66Xg1GkJjdg,UgzTBCyoEzWAHtnm4pl4AaABAg,@jandersonlucianoviana-jw1fv,https://yt3.ggpht.com/ytc/AIdro_lOLm-ghLUyNeR63dHQLSJT7oFA7-F0BvqAJOjYEsiDZh4OjaFpfbdHReaGhCF6aq9AXw=s48-c-k-c0x00ffffff-no-rj,http://www.youtube.com/@jandersonlucianoviana-jw1fv,UCVv3wPJySCkfL8AQuUUCSwQ,Dinheiro,2023-07-02T16:07:05Z,2023-07-02T16:07:05Z,0,none,True,False,,0.13624867796897888,0.6757176518440247,0.18803374469280243,UC9Qu6o04oTf-b2acahQVk1g
66Xg1GkJjdg,UgyqXTfoeZlJcSN4E4B4AaABAg,@JoaoruanKuntzpereira,https://yt3.ggpht.com/8ZvakmkLpPCapMTDJFth-M6tn0OtSXJKWN6cNFvnDbtgbCsC1RH2ad1po9bPHVp1UfLlD153=s48-c-k-c0x00ffffff-no-rj,http://www.youtube.com/@JoaoruanKuntzpereira,UClin_k5NwfROoJ4hPVWoKnQ,Dinheiro,2023-07-02T15:54:47Z,2023-07-02T15:54:47Z,0,none,True,False,,0.13624867796897888,0.6757176518440247,0.18803374469280243,UC9Qu6o04oTf-b2acahQVk1g
66Xg1GkJjdg,Ugys5cp8XxVCNwqDUjN4AaABAg,@grazielelira4507,https://yt3.ggpht.com/ytc/AIdro_mXssjnIvg1Qeubtp2TsyLURjD-4B_iguN1YR5deWDCaA4Z=s48-c-k-c0x00ffffff-no-rj,http://www.youtube.com/@grazielelira4507,UCyRO4QyBJroIe-CG9pQ6Eyw,dinheiroü§ëü§ëü§ëüíµüíµüíµüí∞üí∞üí∞,2023-07-02T15:41:20Z,2023-07-02T15:41:20Z,1,none,True,False,,0.07064533233642578,0.7435518503189087,0.18580280244350433,UC9Qu6o04oTf-b2acahQVk1g
66Xg1GkJjdg,Ugz7C8RkzQ6zVmXjDah4AaABAg,@isleianepereiraleoncio9599,https://yt3.ggpht.com/ytc/AIdro_kWGOY2zL43BkQohHAF2ubCG6ZxCBJ3MFVPoRSNnCPL3skEILciTq3Gatqql3ZDXtWv5A=s48-c-k-c0x00ffffff-no-rj,http://www.youtube.com/@isleianepereiraleoncio9599,UCIk6ydNKMSDN1aoq9ULUoew,Dinheiro‚ù§,2023-07-02T15:37:01Z,2023-07-02T15:37:01Z,3,none,True,False,,0.0032479609362781048,0.14300130307674408,0.8537507057189941,UC9Qu6o04oTf-b2acahQVk1g
66Xg1GkJjdg,Ugzd43wrBr4Dq8AZhcl4AaABAg,@kaykdomingues,https://yt3.ggpht.com/_lLtQFnFeyn6zRDex8Tu7YA_FeD3WTzQBJGFHd5aXTujyvK-h29ioLWzJnkTaxvPWdiCNk95=s48-c-k-c0x00ffffff-no-rj,http://www.youtube.com/@kaykdomingues,UCzuQcEY7hGxOYlrSJBi2Ohg,Dinheiro üí∞üí∞üí∂,2023-07-02T15:30:56Z,2023-07-02T15:30:56Z,1,none,True,False,,0.06203711777925491,0.7537955641746521,0.1841672658920288,UC9Qu6o04oTf-b2acahQVk1g
66Xg1GkJjdg,Ugw45FWZdSx-DUiAXt94AaABAg,@annaeduarda4966,https://yt3.ggpht.com/lLcMF0oK3b--1Sn-waYkJWLD_rPDXgxkU4kOLkZX6hCh4Uiwa_rCdM5S42ArvjeFleAiOU8H=s48-c-k-c0x00ffffff-no-rj,http://www.youtube.com/@annaeduarda4966,UCqG-pi6e68q-B1isIqdsseQ,Kass e kr poderiam curtir meu coment√°rio por favor eu adoro vcs demais üíô‚ù§Ô∏è,2023-07-02T15:27:26Z,2023-07-02T15:27:26Z,2,none,True,False,,0.0013568919384852052,0.07969396561384201,0.9189491271972656,UC9Qu6o04oTf-b2acahQVk1g
66Xg1GkJjdg,UgyGuUl5LRc-Lc9B7KN4AaABAg,@annaeduarda4966,https://yt3.ggpht.com/lLcMF0oK3b--1Sn-waYkJWLD_rPDXgxkU4kOLkZX6hCh4Uiwa_rCdM5S42ArvjeFleAiOU8H=s48-c-k-c0x00ffffff-no-rj,http://www.youtube.com/@annaeduarda4966,UCqG-pi6e68q-B1isIqdsseQ,"Kass e ir como vcs conseguem usar hake eu queria poder usar ‚ù§
Se vcs poderem responde meu coment√°rio eu ficaria agradecida e feliz üòä‚ù§Ô∏è",2023-07-02T15:10:33Z,2023-07-02T15:10:33Z,3,none,True,False,,0.002644038526341319,0.1556747406721115,0.8416813015937805,UC9Qu6o04oTf-b2acahQVk1g
66Xg1GkJjdg,UgxpL7zqgx2jKNvnkc54AaABAg,@DiegoRicardo-wx9qf,https://yt3.ggpht.com/c5hlWWZrYW_0uKq3n3Kf2D60tLcPqkyeN-h9ryisJkdSVf-MM5IA4uRTJHfLntQxXH_8J9c64w=s48-c-k-c0x00ffffff-no-rj,http://www.youtube.com/@DiegoRicardo-wx9qf,UCg0d7fBXL9RiDALHOpzeZhA,üòä dinheiro,2023-07-02T15:01:54Z,2023-07-02T15:01:54Z,1,none,True,False,,0.004472807981073856,0.19059021770954132,0.804936945438385,UC9Qu6o04oTf-b2acahQVk1g
66Xg1GkJjdg,Ugzzf78YoMX0oqxjtf14AaABAg,@canaldatata7922,https://yt3.ggpht.com/WzX3GWi0o1QYCxpnCZSHBwkjCjsECyE7sGrcT5KWU0vsMsIaOluHjN563XqPoOWsh7DxPd_d=s48-c-k-c0x00ffffff-no-rj,http://www.youtube.com/@canaldatata7922,UCV85irTNdA9laGb6fNDKXAA,dinheiro,2023-07-02T15:01:32Z,2023-07-02T15:01:32Z,0,none,True,False,,0.18252845108509064,0.5991634726524353,0.21830804646015167,UC9Qu6o04oTf-b2acahQVk1g
66Xg1GkJjdg,Ugz5O7NSp1DebubplV54AaABAg,@DeboraCristina-ei8kp,https://yt3.ggpht.com/HRKlckS5mguQ_tvzbsoit6Zz5FcarmLXgNo1rLdgbUr_qGFARf_J9LpH9p9xELj1rMvuE1pPvWs=s48-c-k-c0x00ffffff-no-rj,http://www.youtube.com/@DeboraCristina-ei8kp,UCBlut4CFpuFwuXQ4cp0rSUQ,Dinheiro üí∂üí∂üí∂üí∂üí∂üí∂üí∂üí∞üí∂üí∂üí∂üí∂üí∂üí∂üí∂üí∂üí∂üí∂üí∂üí∂üí∂üí∂üí∂üí∂ a Duda e saber pre√ßo da minha amiga voc√™ ü´µü´µü´µü´µü´µü´µ de voc√™s a√≠ te aben√ßoe üòçü•∞ e muitas pessoas que,2023-07-02T15:00:48Z,2023-07-02T15:00:48Z,2,none,True,False,,0.007428848184645176,0.5212056636810303,0.4713655114173889,UC9Qu6o04oTf-b2acahQVk1g
66Xg1GkJjdg,UgxPUxiWq89fsyTevL94AaABAg,@lyedsongabrieldasilvadem-ut5bm,https://yt3.ggpht.com/GqCWPSCVDBR1VStqCaGwlUxKkurtIE6igpG2bub2aHnucPo5bgYbVEMjEn7drGyG7ZDVDWX0HoM=s48-c-k-c0x00ffffff-no-rj,http://www.youtube.com/@lyedsongabrieldasilvadem-ut5bm,UCT7kQ126KMZBxG3QfDkq4zw,Dinheiro,2023-07-02T14:57:21Z,2023-07-02T14:57:21Z,0,none,True,False,,0.13624867796897888,0.6757176518440247,0.18803374469280243,UC9Qu6o04oTf-b2acahQVk1g
66Xg1GkJjdg,UgwtRSzkbxvwiCdgNU54AaABAg,@naylarodrigues2160,https://yt3.ggpht.com/ytc/AIdro_kO2bGlsdohMbqZKYcBsMn_4ZdbFiJ_a4gOkh2NqdC_Z8g=s48-c-k-c0x00ffffff-no-rj,http://www.youtube.com/@naylarodrigues2160,UCVVRX6rbDtcnVqCY04amxTA,Dinheiro$$$$$$$$$$$$$$üòÆ$$$$$$$$$$$$$$$$$$Dinheiro $$%$$$$,2023-07-02T14:49:46Z,2023-07-02T14:49:46Z,2,none,True,False,,0.5840308666229248,0.358746200799942,0.05722292512655258,UC9Qu6o04oTf-b2acahQVk1g
66Xg1GkJjdg,Ugz-W868rf4Fx8Pnk9V4AaABAg,@PedroAntonio-xv6wg,https://yt3.ggpht.com/lTdcWmdk-B6gB7dZezt8j4oVZl_SITXOwns9hCT1pQtzOhC75sGnkZIGDslROEKowPmbTt8fQw=s48-c-k-c0x00ffffff-no-rj,http://www.youtube.com/@PedroAntonio-xv6wg,UCG_rKGYshH2b6NHGhR0I5Zw,Oi kss e kr,2023-07-02T14:39:12Z,2023-07-02T14:39:12Z,1,none,True,False,,0.217223659157753,0.6482207775115967,0.13455553352832794,UC9Qu6o04oTf-b2acahQVk1g
66Xg1GkJjdg,UgxWn0RzgzMzVeFOYMd4AaABAg,@jeniferjenifer9181,https://yt3.ggpht.com/ytc/AIdro_nr7Ep0aROB9ZQMTB4s8UHKs186Mq1FZ5W8VLNPyBPkq_OmhOzmjaKW3eU33SexLd6r2A=s48-c-k-c0x00ffffff-no-rj,http://www.youtube.com/@jeniferjenifer9181,UCWga1O0osrgNACyG4ycOOAg,Dinheiro,2023-07-02T14:27:36Z,2023-07-02T14:27:36Z,0,none,True,False,,0.13624867796897888,0.6757176518440247,0.18803374469280243,UC9Qu6o04oTf-b2acahQVk1g
66Xg1GkJjdg,Ugx-HvH87k-oGApw6lh4AaABAg,@MayaraThaynah,https://yt3.ggpht.com/ytc/AIdro_m-wvAwKyNneCMdoErnw329VPrjfATdBmyawkiFTmB0Tmcb0mbPWFH98RzurWL1m0u29A=s48-c-k-c0x00ffffff-no-rj,http://www.youtube.com/@MayaraThaynah,UCGDqkEQt1FfgI_bOC_8Wqrw,Dinheiro ‚ù§,2023-07-02T14:25:16Z,2023-07-02T14:25:16Z,1,none,True,False,,0.003059450536966324,0.13846087455749512,0.8584796190261841,UC9Qu6o04oTf-b2acahQVk1g
66Xg1GkJjdg,Ugxx9PrumwdY3o0aIRp4AaABAg,@ValdeiMariadasilva-vm1rc,https://yt3.ggpht.com/ytc/AIdro_kT0IqtOmXpdtFie8P0x98qrJz9kcldmCupNPOvWp9a2UN8863NdoSc1f-MBxFQkj9lBQ=s48-c-k-c0x00ffffff-no-rj,http://www.youtube.com/@ValdeiMariadasilva-vm1rc,UCtqyBEVSvo72c6xpGAqASUg,Dinheiro,2023-07-02T14:15:05Z,2023-07-02T14:15:05Z,0,none,True,False,,0.13624867796897888,0.6757176518440247,0.18803374469280243,UC9Qu6o04oTf-b2acahQVk1g
66Xg1GkJjdg,UgyRySZGiLf15EuXUBl4AaABAg,@luanvictor5386,https://yt3.ggpht.com/ytc/AIdro_mM86KOVBOj8VEleaSvEDIr9D7cA8OcpB16sQVCiGQ=s48-c-k-c0x00ffffff-no-rj,http://www.youtube.com/@luanvictor5386,UC0yrigvElhMOsnYFp1LinwA,Dinheirooooooooooooo,2023-07-02T14:06:42Z,2023-07-02T14:06:42Z,4,none,True,False,,0.13588234782218933,0.6691411733627319,0.19497641921043396,UC9Qu6o04oTf-b2acahQVk1g
66Xg1GkJjdg,Ugw_M-ePDLJEcVt4D654AaABAg,@EmiLy-fm5gm,https://yt3.ggpht.com/TrB8ynfevOnI2K8kppGrPcPx-i7qD67DsX-iSR9Ak0_JqruUxJax4kIDjzAyCLuo1f8mdGem9A=s48-c-k-c0x00ffffff-no-rj,http://www.youtube.com/@EmiLy-fm5gm,UC5RO4oIb8pQJ1bpMMR4Ccug,Dinheiro,2023-07-02T14:03:47Z,2023-07-02T14:03:47Z,2,none,True,False,,0.13624867796897888,0.6757176518440247,0.18803374469280243,UC9Qu6o04oTf-b2acahQVk1g
66Xg1GkJjdg,UgyenG24fWWUD3Tn0Bx4AaABAg,@lucianapires5426,https://yt3.ggpht.com/BspkyVst4ZzatyzzzlDmI4o7pfD6duEziAgm_CuRFeX8BbNwUvZCIkcNByMYyAB6qyshmBfMsA=s48-c-k-c0x00ffffff-no-rj,http://www.youtube.com/@lucianapires5426,UC2P3xdZQ1U9nEthx3dlrdpA,dinheiro,2023-07-02T13:59:53Z,2023-07-02T13:59:53Z,1,none,True,False,,0.18252845108509064,0.5991634726524353,0.21830804646015167,UC9Qu6o04oTf-b2acahQVk1g
66Xg1GkJjdg,UgxputkvcYzyIYb08K14AaABAg,@luanvictor5386,https://yt3.ggpht.com/ytc/AIdro_mM86KOVBOj8VEleaSvEDIr9D7cA8OcpB16sQVCiGQ=s48-c-k-c0x00ffffff-no-rj,http://www.youtube.com/@luanvictor5386,UC0yrigvElhMOsnYFp1LinwA,Adoro muito seus videos minha familia toda gosta de vcs amo muito vcs ‚ù§‚ù§‚ù§‚ù§üíôü©µüíôü©µ,2023-07-02T13:57:57Z,2023-07-02T13:57:57Z,9,none,True,False,,0.004557252395898104,0.1570037454366684,0.8384389877319336,UC9Qu6o04oTf-b2acahQVk1g
66Xg1GkJjdg,UgwR_sSgVV9_z05H_s94AaABAg,@luanvictor5386,https://yt3.ggpht.com/ytc/AIdro_mM86KOVBOj8VEleaSvEDIr9D7cA8OcpB16sQVCiGQ=s48-c-k-c0x00ffffff-no-rj,http://www.youtube.com/@luanvictor5386,UC0yrigvElhMOsnYFp1LinwA,Opaaaaaaa,2023-07-02T13:55:06Z,2023-07-02T13:55:06Z,2,none,True,False,,0.16979575157165527,0.6105087399482727,0.21969550848007202,UC9Qu6o04oTf-b2acahQVk1g
66Xg1GkJjdg,UgxFjNCUOutITJHF-v14AaABAg,@alexandrabaptista9372,https://yt3.ggpht.com/ytc/AIdro_n6ZBBa_3wssvZ-3uYejR-pYif7bZ3F-sJr33JSyktwwYCCLRkkFCHIjZW7Up1yAzVU4w=s48-c-k-c0x00ffffff-no-rj,http://www.youtube.com/@alexandrabaptista9372,UCdPTmGktIhx0aJ72tMrUr6w,dinheiro,2023-07-02T13:54:54Z,2023-07-02T13:54:54Z,1,none,True,False,,0.18252845108509064,0.5991634726524353,0.21830804646015167,UC9Qu6o04oTf-b2acahQVk1g
66Xg1GkJjdg,UgwaKGbpseFaCPAn-BJ4AaABAg,@Lluna_myself,https://yt3.ggpht.com/_YuUMCOEhIbYUWngg3ikFzB39C8Jhpe00hqBktXVkFWDAIV2HNgfvsEqszeDsob7US7Rnim7aw=s48-c-k-c0x00ffffff-no-rj,http://www.youtube.com/@Lluna_myself,UCEvbQN3MBBLIp3MTmcPpInQ,dinheiro,2023-07-02T13:54:46Z,2023-07-02T13:54:46Z,1,none,True,False,,0.18252845108509064,0.5991634726524353,0.21830804646015167,UC9Qu6o04oTf-b2acahQVk1g
66Xg1GkJjdg,UgzVUFG8XgiVMzJWeYJ4AaABAg,@RosangelaOliveira-yk2jt,https://yt3.ggpht.com/_6KdizORDV1czuv8nHXVDCynvJQDcXqZsqpru_mAVL9CkzxjVkCIKKLnOiH9vEQfHAbm3UYjEw=s48-c-k-c0x00ffffff-no-rj,http://www.youtube.com/@RosangelaOliveira-yk2jt,UC9BsZ78KevsRexHzE2abSHQ,Oi kass eu s√≥ muito seu f√£,2023-07-02T13:49:30Z,2023-07-02T13:49:30Z,2,none,True,False,,0.16253840923309326,0.7874824404716492,0.04997919872403145,UC9Qu6o04oTf-b2acahQVk1g
66Xg1GkJjdg,UgwFekhqBrgNkpi3Igx4AaABAg,@RosangelaOliveira-yk2jt,https://yt3.ggpht.com/_6KdizORDV1czuv8nHXVDCynvJQDcXqZsqpru_mAVL9CkzxjVkCIKKLnOiH9vEQfHAbm3UYjEw=s48-c-k-c0x00ffffff-no-rj,http://www.youtube.com/@RosangelaOliveira-yk2jt,UC9BsZ78KevsRexHzE2abSHQ,Oi kass eu s√≥ muito seu f√£,2023-07-02T13:49:30Z,2023-07-02T13:49:30Z,5,none,True,False,,0.16253840923309326,0.7874824404716492,0.04997919872403145,UC9Qu6o04oTf-b2acahQVk1g
66Xg1GkJjdg,UgxRRi510zrcgnO-Qx14AaABAg,@mayaraPires-zc5hi,https://yt3.ggpht.com/qcuBWM20oek3y-OkXhJFf_PDLKZcsR3Xu6liQ2B9s4dGbdOc5SHVQhrIlYcSASikytm8PgaJ=s48-c-k-c0x00ffffff-no-rj,http://www.youtube.com/@mayaraPires-zc5hi,UC7J3PJ80vvX0GzhAPDemdAw,‚ù§dinheiro ‚ù§,2023-07-02T13:46:05Z,2023-07-02T13:46:05Z,9,none,True,False,,0.005045681726187468,0.24355493485927582,0.7513993978500366,UC9Qu6o04oTf-b2acahQVk1g
66Xg1GkJjdg,UgxRRi510zrcgnO-Qx14AaABAg.9rf7Q72ffDs9xcG5TnszKi,@DIEGO24678w,https://yt3.ggpht.com/FhRbgd46HIi8GI5b_jR6y_vaHXxkc2MkKM49sLmso9Q1FYmIBF8qRF-axpuBcQmrfnwfyqnChg=s48-c-k-c0x00ffffff-no-rj,http://www.youtube.com/@DIEGO24678w,UCmrIzHP9KPftAI5VfOt3D9g,O cara √© muito lindo muito campe√£o de filho eu copiou v√≠deo do Whats que ele tem vis√£o de raio x para viajar tudo at√© copiar um v√≠deo desse bicho vai arrumar leite pode porco e tem inteiramente at√© diamante que pode tirar mancha de lupe,2023-11-27T14:12:33Z,2023-11-27T14:12:33Z,1,none,True,True,UgxRRi510zrcgnO-Qx14AaABAg,,,,UC9Qu6o04oTf-b2acahQVk1g
66Xg1GkJjdg,UgyuFwdzOWYRCyzsrCl4AaABAg,@eliissonsantos8722,https://yt3.ggpht.com/ytc/AIdro_kJUedU2WqwDpcrsmQAb-qEVpLxsjEuxfEMLyaoJb0l-nhb-fCqU55-F6mWWnxz_ZaYDQ=s48-c-k-c0x00ffffff-no-rj,http://www.youtube.com/@eliissonsantos8722,UCEATzoidRzDSwfSxwfejZ0w,TROLA E LE,2023-07-02T13:38:47Z,2023-07-02T13:38:47Z,2,none,True,False,,0.20539219677448273,0.609109103679657,0.18549871444702148,UC9Qu6o04oTf-b2acahQVk1g
66Xg1GkJjdg,UgxgOKNSPzfjSfvcxIx4AaABAg,@jonesumbila4086,https://yt3.ggpht.com/ytc/AIdro_m6K19mG2NQuKqGnPIu7frcmYRXgZrSFLAkYdWwMDI=s48-c-k-c0x00ffffff-no-rj,http://www.youtube.com/@jonesumbila4086,UCWiwS2JoA8SSL2r0k04QxYQ,Dinheiro,2023-07-02T13:35:04Z,2023-07-02T13:35:04Z,1,none,True,False,,0.13624867796897888,0.6757176518440247,0.18803374469280243,UC9Qu6o04oTf-b2acahQVk1g
66Xg1GkJjdg,UgzV_jq4TurCPXZBCDV4AaABAg,@kaiky0980,https://yt3.ggpht.com/yPvZ6sYK3F3uJ5ocQ9vMw21h4-U-UFcLu20RXcL9pMoQyMokH4M5sapRhRi9beMALVSc4FHI=s48-c-k-c0x00ffffff-no-rj,http://www.youtube.com/@kaiky0980,UCQhFy6KYQeU3_y4elzGZdsw,Dinheiro,2023-07-02T13:32:03Z,2023-07-02T13:32:03Z,1,none,True,False,,0.13624867796897888,0.6757176518440247,0.18803374469280243,UC9Qu6o04oTf-b2acahQVk1g
66Xg1GkJjdg,UgylkjltDoFE_KfH2t54AaABAg,@EricDossantospereira-fb3ys,https://yt3.ggpht.com/ytc/AIdro_kFKyUfpTt-g7ZZ-6LZ1sANP6791YgWTIsbAPxggknb2p4vMYee8SivclGdDEQnvFVPyg=s48-c-k-c0x00ffffff-no-rj,http://www.youtube.com/@EricDossantospereira-fb3ys,UC4DXMp0NM20bWTsoHe47UgQ,Dinheiro,2023-07-02T13:27:58Z,2023-07-02T13:27:58Z,1,none,True,False,,0.13624867796897888,0.6757176518440247,0.18803374469280243,UC9Qu6o04oTf-b2acahQVk1g
66Xg1GkJjdg,UgxWMQemUgkocdnszc94AaABAg,@evellynda122,https://yt3.ggpht.com/C_5vg1J0KEw89mDtsw4OTE1wlEjSFhKyjI7DzqBbFBL_8FiV-r6RLUXZGFB-VfTPVaEuSzuyMw=s48-c-k-c0x00ffffff-no-rj,http://www.youtube.com/@evellynda122,UCoO1h3v7Ao849kJ3w_b2VdQ,Dinheiro,2023-07-02T13:26:36Z,2023-07-02T13:26:36Z,1,none,True,False,,0.13624867796897888,0.6757176518440247,0.18803374469280243,UC9Qu6o04oTf-b2acahQVk1g
66Xg1GkJjdg,UgxWMQemUgkocdnszc94AaABAg.9rf5BTMEMEo9rf5OenSo9a,@evellynda122,https://yt3.ggpht.com/C_5vg1J0KEw89mDtsw4OTE1wlEjSFhKyjI7DzqBbFBL_8FiV-r6RLUXZGFB-VfTPVaEuSzuyMw=s48-c-k-c0x00ffffff-no-rj,http://www.youtube.com/@evellynda122,UCoO1h3v7Ao849kJ3w_b2VdQ,Amo vcs kass e kr,2023-07-02T13:28:24Z,2023-07-02T13:28:24Z,0,none,True,True,UgxWMQemUgkocdnszc94AaABAg,,,,UC9Qu6o04oTf-b2acahQVk1g
66Xg1GkJjdg,UgyeaVsLHv2MUMJyZk14AaABAg,@Davizinho426,https://yt3.ggpht.com/NAdOhWrKiAnm5iEZid8jrQwXz-nAaXYAwEoBmnDH8UpGhsMSyIwjinx6MopQRpmrZwBLhN6IxjA=s48-c-k-c0x00ffffff-no-rj,http://www.youtube.com/@Davizinho426,UCRe0ymPbJFtpPsGZlVLZu3w,Dinheiro üí∞üí∞üí∞üí∞,2023-07-02T13:25:36Z,2023-07-02T13:25:36Z,2,none,True,False,,0.05062676593661308,0.5944154262542725,0.35495781898498535,UC9Qu6o04oTf-b2acahQVk1g
66Xg1GkJjdg,Ugwa8UmwJgG5RBswmzN4AaABAg,@ValdineiGoncalvesdesouxa-we7zp,https://yt3.ggpht.com/ytc/AIdro_nVG5trOBub4FKPni5L533YgZHYBbGnjGf7-xoZ9fbfflfgx4NrlPNIxNgu90DRzF6btQ=s48-c-k-c0x00ffffff-no-rj,http://www.youtube.com/@ValdineiGoncalvesdesouxa-we7zp,UCddutiRSZ9LBnAQp-IZDvMw,Dinheiro,2023-07-02T13:22:29Z,2023-07-02T13:22:29Z,1,none,True,False,,0.13624867796897888,0.6757176518440247,0.18803374469280243,UC9Qu6o04oTf-b2acahQVk1g
66Xg1GkJjdg,UgzSLHy9gGvRXqdPG-54AaABAg,@wanessarhauanysantos7255,https://yt3.ggpht.com/ytc/AIdro_lUTRFopz6WMv6H2I1nCFjXoDbE6FAzKaExm4Er9HY4ABQo=s48-c-k-c0x00ffffff-no-rj,http://www.youtube.com/@wanessarhauanysantos7255,UCK6-AYMBt8O_R3JRwD_Pd3Q,üéâüéâüéâüéâüéâüéâ‚ù§‚ù§‚ù§‚ù§‚ù§,2023-07-02T13:19:27Z,2023-07-02T13:19:27Z,5,none,True,False,,0.0016477606259286404,0.029383797198534012,0.9689684510231018,UC9Qu6o04oTf-b2acahQVk1g
66Xg1GkJjdg,Ugxq0v0aDqT1NERQS-V4AaABAg,@rafaelafagundes771,https://yt3.ggpht.com/9-NvmkZcXxKDDeMoO2L6hvho9Wm-J5YgSX5u7plKk57iI-v-KTHtw0DBtqIsibm-Ln4228LS_Q=s48-c-k-c0x00ffffff-no-rj,http://www.youtube.com/@rafaelafagundes771,UC14MPLFUkb3pGh1BMB_c2yg,Dinheiro,2023-07-02T13:16:26Z,2023-07-02T13:16:26Z,1,none,True,False,,0.13624867796897888,0.6757176518440247,0.18803374469280243,UC9Qu6o04oTf-b2acahQVk1g
66Xg1GkJjdg,Ugzb7rkN6_H1Hp9C81d4AaABAg,@josianefeitosa4546,https://yt3.ggpht.com/ytc/AIdro_nR6H5vaol6UE-7avKIUxXU6IUA_ua-S7izbd0X6M4=s48-c-k-c0x00ffffff-no-rj,http://www.youtube.com/@josianefeitosa4546,UC6iV-mCyA6tB_ARWuI0TYhw,Dinheiro ‚ù§üß°üíõüíöüíóüíìüíùüíñ,2023-07-02T13:15:02Z,2023-07-02T13:15:02Z,2,none,True,False,,0.0019958086777478456,0.08355231583118439,0.9144518375396729,UC9Qu6o04oTf-b2acahQVk1g
66Xg1GkJjdg,UgyTwJ0GzqQE0ucHVt14AaABAg,@WiliamKidgamer,https://yt3.ggpht.com/ytc/AIdro_kOR2RYzLQ5028v3gXX3mVXtZlSVDLYomBPvPXDE2x2PsrrK9mEAaJCQJkebLqwEkdCbw=s48-c-k-c0x00ffffff-no-rj,http://www.youtube.com/@WiliamKidgamer,UCZ9JdgWWwC4GNi3OQWmw3Ow,Kr faz video que to trola o ikass ele te trola muito cara,2023-07-02T13:12:03Z,2023-07-02T13:12:03Z,14,none,True,False,,0.10821451246738434,0.8395918607711792,0.05219364911317825,UC9Qu6o04oTf-b2acahQVk1g
66Xg1GkJjdg,UgyTwJ0GzqQE0ucHVt14AaABAg.9rf3WymPhxc9rhUE_VMw34,@wiliandasilvaaraujo2520,https://yt3.ggpht.com/ytc/AIdro_lS4rTS_NUWN9GQsoRf_gUsflV7YbmKryNGqK5J7xWOIt3AtHQVn0Ahc6cAWoAyQVqJvQ=s48-c-k-c0x00ffffff-no-rj,http://www.youtube.com/@wiliandasilvaaraujo2520,UCGqYjPLCLBdVQ7TX_CrZaDA,Joaomi0güò¢üò¢üòÆüòä,2023-07-03T11:43:57Z,2023-07-03T11:43:57Z,1,none,True,True,UgyTwJ0GzqQE0ucHVt14AaABAg,,,,UC9Qu6o04oTf-b2acahQVk1g
66Xg1GkJjdg,UgwJ_DNbeqCOIhEArLp4AaABAg,@rennanthehedgehogYT,https://yt3.ggpht.com/ruX0KF3tdbx2XbPUoBUAoXW0x68hrkJ8CMirgn_hnOwnw1fkPrWPbOJLlH46Z_dadZC3OPnOLoE=s48-c-k-c0x00ffffff-no-rj,http://www.youtube.com/@rennanthehedgehogYT,UCD-xut2cTQXrOHgJ4BxvVlg,Eu gosto muito do seus v√≠deos eu queria aparecer tambem ‚ù§ porque eu sou fa de voc√™s dois üòä,2023-07-02T13:10:38Z,2023-07-02T13:10:38Z,21,none,True,False,,0.00275300326757133,0.16818420588970184,0.8290627598762512,UC9Qu6o04oTf-b2acahQVk1g
66Xg1GkJjdg,UgwJ_DNbeqCOIhEArLp4AaABAg.9rf3MYj1PeZ9rffLMgmo78,@PaolaBernardes-ms1te,https://yt3.ggpht.com/ytc/AIdro_nd-vlBKVo5vb_gAzEJPPrEUmKAXLoruOBOoJd_R_KvGKjJu7amWAiwOcKi9RlsoFVuaw=s48-c-k-c0x00ffffff-no-rj,http://www.youtube.com/@PaolaBernardes-ms1te,UC61bl-JfAYIonYrLzm0B-mg,Ggr,2023-07-02T18:51:15Z,2023-07-02T18:51:15Z,0,none,True,True,UgwJ_DNbeqCOIhEArLp4AaABAg,,,,UC9Qu6o04oTf-b2acahQVk1g
66Xg1GkJjdg,UgwJ_DNbeqCOIhEArLp4AaABAg.9rf3MYj1PeZ9rhlOA7b8-6,@JanainaSantos-ll9tt,https://yt3.ggpht.com/ytc/AIdro_mXl5vEZetSFCfuG2B7_VLqc38fE5TVJMtL_CGIeMUbdXJf55quvy5KONcX81xCv66Llw=s48-c-k-c0x00ffffff-no-rj,http://www.youtube.com/@JanainaSantos-ll9tt,UCZ9HJjQbACiar2-iBaHcoEA,Dinheiro,2023-07-03T14:22:33Z,2023-07-03T14:22:33Z,1,none,True,True,UgwJ_DNbeqCOIhEArLp4AaABAg,,,,UC9Qu6o04oTf-b2acahQVk1g
66Xg1GkJjdg,UgwJ_DNbeqCOIhEArLp4AaABAg.9rf3MYj1PeZ9sOVwAu3-84,@lailataina1078,https://yt3.ggpht.com/fzANZcUP41HzX6C4bnMI9uXgo6vFfNvh1H00gpGL6_fVlvnJX4Uk4mstFfteaZgTEcPCIneAm-A=s48-c-k-c0x00ffffff-no-rj,http://www.youtube.com/@lailataina1078,UC8Ocnt_zvgkGzeWudZXBMaA,¬∞‚Ä¢~‚óã\~~2~\\\3,2023-07-20T14:05:22Z,2023-07-20T14:05:22Z,0,none,True,True,UgwJ_DNbeqCOIhEArLp4AaABAg,,,,UC9Qu6o04oTf-b2acahQVk1g
66Xg1GkJjdg,UgzR2K0MXJyTEsbQRqt4AaABAg,@Davizinho426,https://yt3.ggpht.com/NAdOhWrKiAnm5iEZid8jrQwXz-nAaXYAwEoBmnDH8UpGhsMSyIwjinx6MopQRpmrZwBLhN6IxjA=s48-c-k-c0x00ffffff-no-rj,http://www.youtube.com/@Davizinho426,UCRe0ymPbJFtpPsGZlVLZu3w,Kass e kr deixam o oi pro davi,2023-07-02T13:09:44Z,2023-07-02T13:09:44Z,3,none,True,False,,0.1374899446964264,0.7680084705352783,0.09450157731771469,UC9Qu6o04oTf-b2acahQVk1g
66Xg1GkJjdg,Ugyfgemz9a5Ww0DFlnF4AaABAg,@Loud_mihh,https://yt3.ggpht.com/FZbnYI4UEoLHwdLKsJcHgh2HcTXuVbpn7j2JlBNZGIzu5yMKkYrqvgJY6s8DD72wthqQpW38EjE=s48-c-k-c0x00ffffff-no-rj,http://www.youtube.com/@Loud_mihh,UCOZl-WZ1jbNJom7IuBaiXBw,Oii kass kr,2023-07-02T13:06:31Z,2023-07-02T13:06:31Z,5,none,True,False,,0.17603649199008942,0.6876383423805237,0.1363251507282257,UC9Qu6o04oTf-b2acahQVk1g
66Xg1GkJjdg,UgyWY4HN6C6XCN6NoaR4AaABAg,@eu_Lara__20,https://yt3.ggpht.com/d-7T71rr1VaHV1DNF-d9Xi2RMPeMFUZbYzjo5_G1fs3-nTE-iXqJbY2TuKPdOwKY2_8fjtFCqQ=s48-c-k-c0x00ffffff-no-rj,http://www.youtube.com/@eu_Lara__20,UCTX9y3JQ2CKe961kIsMsNYA,Ameiiiiiiii e eu sou muito vossa f√£ e se eles me notarem eu desmaio. E eu vos amo muito #Kassiano97 e #Kr.Matheusüíôüíô‚ù§Ô∏è‚ù§Ô∏èüíõüíõüíñüíñüíúüíú‚ù§‚ù§üòçüòç,2023-07-02T13:04:56Z,2023-07-02T13:05:27Z,16,none,True,False,,0.002453118097037077,0.09513771533966064,0.9024091958999634,UC9Qu6o04oTf-b2acahQVk1g
66Xg1GkJjdg,UgyWY4HN6C6XCN6NoaR4AaABAg.9rf2hm4T1gD9rf3bu7tS85,@ElisonPereira-yv1pp,https://yt3.ggpht.com/ytc/AIdro_n_nj07aHleN8uGZG87BGwCoiKn6frileWLuBTPGoV7SK3tUej0VFYnY4c8Qr2CsretaA=s48-c-k-c0x00ffffff-no-rj,http://www.youtube.com/@ElisonPereira-yv1pp,UC3y2Vq9nloaZg1nd8dqPX0Q,‚ù§‚ù§‚ù§‚ù§‚ù§‚ù§‚ù§‚ù§,2023-07-02T13:12:52Z,2023-07-02T13:12:52Z,0,none,True,True,UgyWY4HN6C6XCN6NoaR4AaABAg,,,,UC9Qu6o04oTf-b2acahQVk1g
66Xg1GkJjdg,UgzgyLOzURGRbJMLCwd4AaABAg,@marcelobatista5472,https://yt3.ggpht.com/ytc/AIdro_kIQd925lZn3kNvSQBuSIvxotU3QPyWJUGr6nl8J4Bbkl1bcFpzgHabStJf-LedxUFwQA=s48-c-k-c0x00ffffff-no-rj,http://www.youtube.com/@marcelobatista5472,UC6sy2sX2MgIckiNxZvoj-qw,Eu amo muito voc√™s da um leke‚ù§,2023-07-02T13:04:28Z,2023-07-02T13:04:28Z,4,none,True,False,,0.003219433594495058,0.2315271496772766,0.7652533650398254,UC9Qu6o04oTf-b2acahQVk1g
66Xg1GkJjdg,UgzKTM6CaCCaiyHkRbl4AaABAg,@ElisonPereira-yv1pp,https://yt3.ggpht.com/ytc/AIdro_n_nj07aHleN8uGZG87BGwCoiKn6frileWLuBTPGoV7SK3tUej0VFYnY4c8Qr2CsretaA=s48-c-k-c0x00ffffff-no-rj,http://www.youtube.com/@ElisonPereira-yv1pp,UC3y2Vq9nloaZg1nd8dqPX0Q,Oi meu amigo de que os dois dias depois de n√≥s eram os seus pr√≥prios interesses da Am√©rica 848üòçüòçüòçüòçü§ó,2023-07-02T13:01:19Z,2023-07-02T13:01:19Z,5,none,True,False,,0.0039422656409442425,0.12008555978536606,0.8759721517562866,UC9Qu6o04oTf-b2acahQVk1g
66Xg1GkJjdg,UgzKTM6CaCCaiyHkRbl4AaABAg.9rf2IF3NVCk9rf3EhpaE_a,@eu_Lara__20,https://yt3.ggpht.com/d-7T71rr1VaHV1DNF-d9Xi2RMPeMFUZbYzjo5_G1fs3-nTE-iXqJbY2TuKPdOwKY2_8fjtFCqQ=s48-c-k-c0x00ffffff-no-rj,http://www.youtube.com/@eu_Lara__20,UCTX9y3JQ2CKe961kIsMsNYA,Oiiiiiiiiiiiiiiiii tudo bem com voc√™‚ù§Ô∏è‚ù§Ô∏èüíõüíõüíñüíñüíúüíú‚ù§‚ù§üòçüòç,2023-07-02T13:09:33Z,2023-07-02T13:10:36Z,3,none,True,True,UgzKTM6CaCCaiyHkRbl4AaABAg,,,,UC9Qu6o04oTf-b2acahQVk1g
